../../dataset/dmsp/stable/F152001.v4b_web.stable_lights.avg_vis.tif,../json/country/Poland.json,"[837200, 5303220]"
../../dataset/dmsp/stable/F152001.v4b_web.stable_lights.avg_vis.tif,../json/country/Sweden.json,"[2552446, 4509161]"
../../dataset/dmsp/stable/F152001.v4b_web.stable_lights.avg_vis.tif,../json/country/australia.json,"[19104396, 2024324]"
../../dataset/dmsp/stable/F152001.v4b_web.stable_lights.avg_vis.tif,../json/country/brazil.json,"[22056902, 7375028]"
../../dataset/dmsp/stable/F152001.v4b_web.stable_lights.avg_vis.tif,../json/country/canada.json,"[42412000, 15046212]"
../../dataset/dmsp/stable/F152001.v4b_web.stable_lights.avg_vis.tif,../json/country/china.json,"[31160216, 17238315]"
../../dataset/dmsp/stable/F152001.v4b_web.stable_lights.avg_vis.tif,../json/country/france.json,"[1992927, 9521322]"
../../dataset/dmsp/stable/F152001.v4b_web.stable_lights.avg_vis.tif,../json/country/germany.json,"[1000532, 8366283]"
../../dataset/dmsp/stable/F152001.v4b_web.stable_lights.avg_vis.tif,../json/country/india.json,"[11590432, 15019196]"
../../dataset/dmsp/stable/F152001.v4b_web.stable_lights.avg_vis.tif,../json/country/indonesia.json,"[10441980, 2294564]"
../../dataset/dmsp/stable/F152001.v4b_web.stable_lights.avg_vis.tif,../json/country/iran.json,"[4053948, 5525403]"
../../dataset/dmsp/stable/F152001.v4b_web.stable_lights.avg_vis.tif,../json/country/italy.json,"[1776749, 7762687]"
../../dataset/dmsp/stable/F152001.v4b_web.stable_lights.avg_vis.tif,../json/country/japan.json,"[3376191, 7936560]"
../../dataset/dmsp/stable/F152001.v4b_web.stable_lights.avg_vis.tif,../json/country/korea.json,"[500337, 61583]"
../../dataset/dmsp/stable/F152001.v4b_web.stable_lights.avg_vis.tif,../json/country/mexico.json,"[7940298, 5955616]"
../../dataset/dmsp/stable/F152001.v4b_web.stable_lights.avg_vis.tif,../json/country/netherlands.json,"[148004, 1742280]"
../../dataset/dmsp/stable/F152001.v4b_web.stable_lights.avg_vis.tif,../json/country/russia.json,"[175525663, 32512746]"
../../dataset/dmsp/stable/F152001.v4b_web.stable_lights.avg_vis.tif,../json/country/saudiarab.json,"[4792450, 3543119]"
../../dataset/dmsp/stable/F152001.v4b_web.stable_lights.avg_vis.tif,../json/country/spain.json,"[1398941, 5532910]"
../../dataset/dmsp/stable/F152001.v4b_web.stable_lights.avg_vis.tif,../json/country/switzerland.json,"[131688, 949506]"
../../dataset/dmsp/stable/F152001.v4b_web.stable_lights.avg_vis.tif,../json/country/turkey.json,"[1708509, 2655121]"
../../dataset/dmsp/stable/F152001.v4b_web.stable_lights.avg_vis.tif,../json/country/uk.json,"[1158704, 6896599]"
../../dataset/dmsp/stable/F152001.v4b_web.stable_lights.avg_vis.tif,../json/country/usa.json,"[79178520, 68992379]"
../../dataset/dmsp/stable/F152002.v4b_web.stable_lights.avg_vis.tif,../json/country/Poland.json,"[837200, 5328068]"
../../dataset/dmsp/stable/F152002.v4b_web.stable_lights.avg_vis.tif,../json/country/Sweden.json,"[2552446, 4764126]"
../../dataset/dmsp/stable/F152002.v4b_web.stable_lights.avg_vis.tif,../json/country/australia.json,"[19104396, 2190396]"
../../dataset/dmsp/stable/F152002.v4b_web.stable_lights.avg_vis.tif,../json/country/brazil.json,"[22056902, 7911968]"
../../dataset/dmsp/stable/F152002.v4b_web.stable_lights.avg_vis.tif,../json/country/canada.json,"[42412000, 14525303]"
../../dataset/dmsp/stable/F152002.v4b_web.stable_lights.avg_vis.tif,../json/country/china.json,"[31160216, 19730331]"
../../dataset/dmsp/stable/F152002.v4b_web.stable_lights.avg_vis.tif,../json/country/france.json,"[1992927, 9598619]"
../../dataset/dmsp/stable/F152002.v4b_web.stable_lights.avg_vis.tif,../json/country/germany.json,"[1000532, 8538391]"
../../dataset/dmsp/stable/F152002.v4b_web.stable_lights.avg_vis.tif,../json/country/india.json,"[11590432, 15069918]"
../../dataset/dmsp/stable/F152002.v4b_web.stable_lights.avg_vis.tif,../json/country/indonesia.json,"[10441980, 2400792]"
../../dataset/dmsp/stable/F152002.v4b_web.stable_lights.avg_vis.tif,../json/country/iran.json,"[4053948, 6058042]"
../../dataset/dmsp/stable/F152002.v4b_web.stable_lights.avg_vis.tif,../json/country/italy.json,"[1776749, 7919570]"
../../dataset/dmsp/stable/F152002.v4b_web.stable_lights.avg_vis.tif,../json/country/japan.json,"[3376191, 7847034]"
../../dataset/dmsp/stable/F152002.v4b_web.stable_lights.avg_vis.tif,../json/country/korea.json,"[500337, 53368]"
../../dataset/dmsp/stable/F152002.v4b_web.stable_lights.avg_vis.tif,../json/country/mexico.json,"[7940298, 6161213]"
../../dataset/dmsp/stable/F152002.v4b_web.stable_lights.avg_vis.tif,../json/country/netherlands.json,"[148004, 1705162]"
../../dataset/dmsp/stable/F152002.v4b_web.stable_lights.avg_vis.tif,../json/country/russia.json,"[175525663, 32463669]"
../../dataset/dmsp/stable/F152002.v4b_web.stable_lights.avg_vis.tif,../json/country/saudiarab.json,"[4792450, 3801761]"
../../dataset/dmsp/stable/F152002.v4b_web.stable_lights.avg_vis.tif,../json/country/spain.json,"[1398941, 6010309]"
../../dataset/dmsp/stable/F152002.v4b_web.stable_lights.avg_vis.tif,../json/country/switzerland.json,"[131688, 944137]"
../../dataset/dmsp/stable/F152002.v4b_web.stable_lights.avg_vis.tif,../json/country/turkey.json,"[1708509, 3048636]"
../../dataset/dmsp/stable/F152002.v4b_web.stable_lights.avg_vis.tif,../json/country/uk.json,"[1158704, 6710566]"
../../dataset/dmsp/stable/F152002.v4b_web.stable_lights.avg_vis.tif,../json/country/usa.json,"[79178520, 70584310]"
../../dataset/dmsp/stable/F152003.v4b_web.stable_lights.avg_vis.tif,../json/country/Poland.json,"[837200, 3875770]"
../../dataset/dmsp/stable/F152003.v4b_web.stable_lights.avg_vis.tif,../json/country/Sweden.json,"[2552446, 3297646]"
../../dataset/dmsp/stable/F152003.v4b_web.stable_lights.avg_vis.tif,../json/country/australia.json,"[19104396, 1603514]"
../../dataset/dmsp/stable/F152003.v4b_web.stable_lights.avg_vis.tif,../json/country/brazil.json,"[22056902, 6032486]"
../../dataset/dmsp/stable/F152003.v4b_web.stable_lights.avg_vis.tif,../json/country/canada.json,"[42412000, 10645204]"
../../dataset/dmsp/stable/F152003.v4b_web.stable_lights.avg_vis.tif,../json/country/china.json,"[31160216, 15120020]"
../../dataset/dmsp/stable/F152003.v4b_web.stable_lights.avg_vis.tif,../json/country/france.json,"[1992927, 7208228]"
../../dataset/dmsp/stable/F152003.v4b_web.stable_lights.avg_vis.tif,../json/country/germany.json,"[1000532, 6282126]"
../../dataset/dmsp/stable/F152003.v4b_web.stable_lights.avg_vis.tif,../json/country/india.json,"[11590432, 9885964]"
../../dataset/dmsp/stable/F152003.v4b_web.stable_lights.avg_vis.tif,../json/country/indonesia.json,"[10441980, 1689443]"
../../dataset/dmsp/stable/F152003.v4b_web.stable_lights.avg_vis.tif,../json/country/iran.json,"[4053948, 4685391]"
../../dataset/dmsp/stable/F152003.v4b_web.stable_lights.avg_vis.tif,../json/country/italy.json,"[1776749, 6303255]"
../../dataset/dmsp/stable/F152003.v4b_web.stable_lights.avg_vis.tif,../json/country/japan.json,"[3376191, 5996683]"
../../dataset/dmsp/stable/F152003.v4b_web.stable_lights.avg_vis.tif,../json/country/korea.json,"[500337, 41204]"
../../dataset/dmsp/stable/F152003.v4b_web.stable_lights.avg_vis.tif,../json/country/mexico.json,"[7940298, 4546341]"
../../dataset/dmsp/stable/F152003.v4b_web.stable_lights.avg_vis.tif,../json/country/netherlands.json,"[148004, 1273389]"
../../dataset/dmsp/stable/F152003.v4b_web.stable_lights.avg_vis.tif,../json/country/russia.json,"[175525663, 22177507]"
../../dataset/dmsp/stable/F152003.v4b_web.stable_lights.avg_vis.tif,../json/country/saudiarab.json,"[4792450, 3010210]"
../../dataset/dmsp/stable/F152003.v4b_web.stable_lights.avg_vis.tif,../json/country/spain.json,"[1398941, 4498113]"
../../dataset/dmsp/stable/F152003.v4b_web.stable_lights.avg_vis.tif,../json/country/switzerland.json,"[131688, 834728]"
../../dataset/dmsp/stable/F152003.v4b_web.stable_lights.avg_vis.tif,../json/country/turkey.json,"[1708509, 2019018]"
../../dataset/dmsp/stable/F152003.v4b_web.stable_lights.avg_vis.tif,../json/country/uk.json,"[1158704, 5490902]"
../../dataset/dmsp/stable/F152003.v4b_web.stable_lights.avg_vis.tif,../json/country/usa.json,"[79178520, 55697009]"
../../dataset/dmsp/stable/F152004.v4b_web.stable_lights.avg_vis.tif,../json/country/Poland.json,"[837200, 4057829]"
../../dataset/dmsp/stable/F152004.v4b_web.stable_lights.avg_vis.tif,../json/country/Sweden.json,"[2552446, 3168709]"
../../dataset/dmsp/stable/F152004.v4b_web.stable_lights.avg_vis.tif,../json/country/australia.json,"[19104396, 1618739]"
../../dataset/dmsp/stable/F152004.v4b_web.stable_lights.avg_vis.tif,../json/country/brazil.json,"[22056902, 6180149]"
../../dataset/dmsp/stable/F152004.v4b_web.stable_lights.avg_vis.tif,../json/country/canada.json,"[42412000, 10649123]"
../../dataset/dmsp/stable/F152004.v4b_web.stable_lights.avg_vis.tif,../json/country/china.json,"[31160216, 16719564]"
../../dataset/dmsp/stable/F152004.v4b_web.stable_lights.avg_vis.tif,../json/country/france.json,"[1992927, 7186483]"
../../dataset/dmsp/stable/F152004.v4b_web.stable_lights.avg_vis.tif,../json/country/germany.json,"[1000532, 6095390]"
../../dataset/dmsp/stable/F152004.v4b_web.stable_lights.avg_vis.tif,../json/country/india.json,"[11590432, 10116048]"
../../dataset/dmsp/stable/F152004.v4b_web.stable_lights.avg_vis.tif,../json/country/indonesia.json,"[10441980, 1687671]"
../../dataset/dmsp/stable/F152004.v4b_web.stable_lights.avg_vis.tif,../json/country/iran.json,"[4053948, 4960727]"
../../dataset/dmsp/stable/F152004.v4b_web.stable_lights.avg_vis.tif,../json/country/italy.json,"[1776749, 6338859]"
../../dataset/dmsp/stable/F152004.v4b_web.stable_lights.avg_vis.tif,../json/country/japan.json,"[3376191, 6170102]"
../../dataset/dmsp/stable/F152004.v4b_web.stable_lights.avg_vis.tif,../json/country/korea.json,"[500337, 44363]"
../../dataset/dmsp/stable/F152004.v4b_web.stable_lights.avg_vis.tif,../json/country/mexico.json,"[7940298, 4419193]"
../../dataset/dmsp/stable/F152004.v4b_web.stable_lights.avg_vis.tif,../json/country/netherlands.json,"[148004, 1312010]"
../../dataset/dmsp/stable/F152004.v4b_web.stable_lights.avg_vis.tif,../json/country/russia.json,"[175525663, 24229115]"
../../dataset/dmsp/stable/F152004.v4b_web.stable_lights.avg_vis.tif,../json/country/saudiarab.json,"[4792450, 3119293]"
../../dataset/dmsp/stable/F152004.v4b_web.stable_lights.avg_vis.tif,../json/country/spain.json,"[1398941, 4710265]"
../../dataset/dmsp/stable/F152004.v4b_web.stable_lights.avg_vis.tif,../json/country/switzerland.json,"[131688, 695469]"
../../dataset/dmsp/stable/F152004.v4b_web.stable_lights.avg_vis.tif,../json/country/turkey.json,"[1708509, 2366239]"
../../dataset/dmsp/stable/F152004.v4b_web.stable_lights.avg_vis.tif,../json/country/uk.json,"[1158704, 5524064]"
../../dataset/dmsp/stable/F152004.v4b_web.stable_lights.avg_vis.tif,../json/country/usa.json,"[79178520, 54566137]"
../../dataset/dmsp/stable/F152005.v4b_web.stable_lights.avg_vis.tif,../json/country/Poland.json,"[837200, 4837027]"
../../dataset/dmsp/stable/F152005.v4b_web.stable_lights.avg_vis.tif,../json/country/Sweden.json,"[2552446, 3212211]"
../../dataset/dmsp/stable/F152005.v4b_web.stable_lights.avg_vis.tif,../json/country/australia.json,"[19104396, 1685947]"
../../dataset/dmsp/stable/F152005.v4b_web.stable_lights.avg_vis.tif,../json/country/brazil.json,"[22056902, 6658922]"
../../dataset/dmsp/stable/F152005.v4b_web.stable_lights.avg_vis.tif,../json/country/canada.json,"[42412000, 10520020]"
../../dataset/dmsp/stable/F152005.v4b_web.stable_lights.avg_vis.tif,../json/country/china.json,"[31160216, 17940748]"
../../dataset/dmsp/stable/F152005.v4b_web.stable_lights.avg_vis.tif,../json/country/france.json,"[1992927, 7741674]"
../../dataset/dmsp/stable/F152005.v4b_web.stable_lights.avg_vis.tif,../json/country/germany.json,"[1000532, 7284505]"
../../dataset/dmsp/stable/F152005.v4b_web.stable_lights.avg_vis.tif,../json/country/india.json,"[11590432, 10391288]"
../../dataset/dmsp/stable/F152005.v4b_web.stable_lights.avg_vis.tif,../json/country/indonesia.json,"[10441980, 1655848]"
../../dataset/dmsp/stable/F152005.v4b_web.stable_lights.avg_vis.tif,../json/country/iran.json,"[4053948, 5493265]"
../../dataset/dmsp/stable/F152005.v4b_web.stable_lights.avg_vis.tif,../json/country/italy.json,"[1776749, 6895321]"
../../dataset/dmsp/stable/F152005.v4b_web.stable_lights.avg_vis.tif,../json/country/japan.json,"[3376191, 6626839]"
../../dataset/dmsp/stable/F152005.v4b_web.stable_lights.avg_vis.tif,../json/country/korea.json,"[500337, 42363]"
../../dataset/dmsp/stable/F152005.v4b_web.stable_lights.avg_vis.tif,../json/country/mexico.json,"[7940298, 4801987]"
../../dataset/dmsp/stable/F152005.v4b_web.stable_lights.avg_vis.tif,../json/country/netherlands.json,"[148004, 1452328]"
../../dataset/dmsp/stable/F152005.v4b_web.stable_lights.avg_vis.tif,../json/country/russia.json,"[175525663, 25101077]"
../../dataset/dmsp/stable/F152005.v4b_web.stable_lights.avg_vis.tif,../json/country/saudiarab.json,"[4792450, 3284478]"
../../dataset/dmsp/stable/F152005.v4b_web.stable_lights.avg_vis.tif,../json/country/spain.json,"[1398941, 4950131]"
../../dataset/dmsp/stable/F152005.v4b_web.stable_lights.avg_vis.tif,../json/country/switzerland.json,"[131688, 949940]"
../../dataset/dmsp/stable/F152005.v4b_web.stable_lights.avg_vis.tif,../json/country/turkey.json,"[1708509, 2272360]"
../../dataset/dmsp/stable/F152005.v4b_web.stable_lights.avg_vis.tif,../json/country/uk.json,"[1158704, 5637496]"
../../dataset/dmsp/stable/F152005.v4b_web.stable_lights.avg_vis.tif,../json/country/usa.json,"[79178520, 55985093]"
../../dataset/dmsp/stable/F152006.v4b_web.stable_lights.avg_vis.tif,../json/country/Poland.json,"[837200, 4793093]"
../../dataset/dmsp/stable/F152006.v4b_web.stable_lights.avg_vis.tif,../json/country/Sweden.json,"[2552446, 3600575]"
../../dataset/dmsp/stable/F152006.v4b_web.stable_lights.avg_vis.tif,../json/country/australia.json,"[19104396, 1715812]"
../../dataset/dmsp/stable/F152006.v4b_web.stable_lights.avg_vis.tif,../json/country/brazil.json,"[22056902, 6844418]"
../../dataset/dmsp/stable/F152006.v4b_web.stable_lights.avg_vis.tif,../json/country/canada.json,"[42412000, 10175789]"
../../dataset/dmsp/stable/F152006.v4b_web.stable_lights.avg_vis.tif,../json/country/china.json,"[31160216, 19171982]"
../../dataset/dmsp/stable/F152006.v4b_web.stable_lights.avg_vis.tif,../json/country/france.json,"[1992927, 7756495]"
../../dataset/dmsp/stable/F152006.v4b_web.stable_lights.avg_vis.tif,../json/country/germany.json,"[1000532, 6874956]"
../../dataset/dmsp/stable/F152006.v4b_web.stable_lights.avg_vis.tif,../json/country/india.json,"[11590432, 10627528]"
../../dataset/dmsp/stable/F152006.v4b_web.stable_lights.avg_vis.tif,../json/country/indonesia.json,"[10441980, 1688213]"
../../dataset/dmsp/stable/F152006.v4b_web.stable_lights.avg_vis.tif,../json/country/iran.json,"[4053948, 5589311]"
../../dataset/dmsp/stable/F152006.v4b_web.stable_lights.avg_vis.tif,../json/country/italy.json,"[1776749, 6585588]"
../../dataset/dmsp/stable/F152006.v4b_web.stable_lights.avg_vis.tif,../json/country/japan.json,"[3376191, 6547439]"
../../dataset/dmsp/stable/F152006.v4b_web.stable_lights.avg_vis.tif,../json/country/korea.json,"[500337, 39134]"
../../dataset/dmsp/stable/F152006.v4b_web.stable_lights.avg_vis.tif,../json/country/mexico.json,"[7940298, 4786886]"
../../dataset/dmsp/stable/F152006.v4b_web.stable_lights.avg_vis.tif,../json/country/netherlands.json,"[148004, 1389052]"
../../dataset/dmsp/stable/F152006.v4b_web.stable_lights.avg_vis.tif,../json/country/russia.json,"[175525663, 24786131]"
../../dataset/dmsp/stable/F152006.v4b_web.stable_lights.avg_vis.tif,../json/country/saudiarab.json,"[4792450, 3385142]"
../../dataset/dmsp/stable/F152006.v4b_web.stable_lights.avg_vis.tif,../json/country/spain.json,"[1398941, 4907042]"
../../dataset/dmsp/stable/F152006.v4b_web.stable_lights.avg_vis.tif,../json/country/switzerland.json,"[131688, 779526]"
../../dataset/dmsp/stable/F152006.v4b_web.stable_lights.avg_vis.tif,../json/country/turkey.json,"[1708509, 2380527]"
../../dataset/dmsp/stable/F152006.v4b_web.stable_lights.avg_vis.tif,../json/country/uk.json,"[1158704, 5453708]"
../../dataset/dmsp/stable/F152006.v4b_web.stable_lights.avg_vis.tif,../json/country/usa.json,"[79178520, 54511794]"
../../dataset/dmsp/stable/F152007.v4b_web.stable_lights.avg_vis.tif,../json/country/Poland.json,"[837200, 3732779]"
../../dataset/dmsp/stable/F152007.v4b_web.stable_lights.avg_vis.tif,../json/country/Sweden.json,"[2552446, 3301611]"
../../dataset/dmsp/stable/F152007.v4b_web.stable_lights.avg_vis.tif,../json/country/australia.json,"[19104396, 1666530]"
../../dataset/dmsp/stable/F152007.v4b_web.stable_lights.avg_vis.tif,../json/country/brazil.json,"[22056902, 6944987]"
../../dataset/dmsp/stable/F152007.v4b_web.stable_lights.avg_vis.tif,../json/country/canada.json,"[42412000, 12196495]"
../../dataset/dmsp/stable/F152007.v4b_web.stable_lights.avg_vis.tif,../json/country/china.json,"[31160216, 19439563]"
../../dataset/dmsp/stable/F152007.v4b_web.stable_lights.avg_vis.tif,../json/country/france.json,"[1992927, 7925406]"
../../dataset/dmsp/stable/F152007.v4b_web.stable_lights.avg_vis.tif,../json/country/germany.json,"[1000532, 6412414]"
../../dataset/dmsp/stable/F152007.v4b_web.stable_lights.avg_vis.tif,../json/country/india.json,"[11590432, 10704159]"
../../dataset/dmsp/stable/F152007.v4b_web.stable_lights.avg_vis.tif,../json/country/indonesia.json,"[10441980, 1593720]"
../../dataset/dmsp/stable/F152007.v4b_web.stable_lights.avg_vis.tif,../json/country/iran.json,"[4053948, 5460580]"
../../dataset/dmsp/stable/F152007.v4b_web.stable_lights.avg_vis.tif,../json/country/italy.json,"[1776749, 6674354]"
../../dataset/dmsp/stable/F152007.v4b_web.stable_lights.avg_vis.tif,../json/country/japan.json,"[3376191, 6377001]"
../../dataset/dmsp/stable/F152007.v4b_web.stable_lights.avg_vis.tif,../json/country/korea.json,"[500337, 38241]"
../../dataset/dmsp/stable/F152007.v4b_web.stable_lights.avg_vis.tif,../json/country/mexico.json,"[7940298, 4520270]"
../../dataset/dmsp/stable/F152007.v4b_web.stable_lights.avg_vis.tif,../json/country/netherlands.json,"[148004, 1456266]"
../../dataset/dmsp/stable/F152007.v4b_web.stable_lights.avg_vis.tif,../json/country/russia.json,"[175525663, 25677841]"
../../dataset/dmsp/stable/F152007.v4b_web.stable_lights.avg_vis.tif,../json/country/saudiarab.json,"[4792450, 3499659]"
../../dataset/dmsp/stable/F152007.v4b_web.stable_lights.avg_vis.tif,../json/country/spain.json,"[1398941, 4986197]"
../../dataset/dmsp/stable/F152007.v4b_web.stable_lights.avg_vis.tif,../json/country/switzerland.json,"[131688, 783806]"
../../dataset/dmsp/stable/F152007.v4b_web.stable_lights.avg_vis.tif,../json/country/turkey.json,"[1708509, 2569367]"
../../dataset/dmsp/stable/F152007.v4b_web.stable_lights.avg_vis.tif,../json/country/uk.json,"[1158704, 5765243]"
../../dataset/dmsp/stable/F152007.v4b_web.stable_lights.avg_vis.tif,../json/country/usa.json,"[79178520, 56509797]"
../../dataset/dmsp/stable/F162004.v4b_web.stable_lights.avg_vis.tif,../json/country/Poland.json,"[837200, 4204182]"
../../dataset/dmsp/stable/F162004.v4b_web.stable_lights.avg_vis.tif,../json/country/Sweden.json,"[2552446, 3087615]"
../../dataset/dmsp/stable/F162004.v4b_web.stable_lights.avg_vis.tif,../json/country/australia.json,"[19104396, 1957719]"
../../dataset/dmsp/stable/F162004.v4b_web.stable_lights.avg_vis.tif,../json/country/brazil.json,"[22056902, 7702326]"
../../dataset/dmsp/stable/F162004.v4b_web.stable_lights.avg_vis.tif,../json/country/canada.json,"[42412000, 12422543]"
../../dataset/dmsp/stable/F162004.v4b_web.stable_lights.avg_vis.tif,../json/country/china.json,"[31160216, 21581949]"
../../dataset/dmsp/stable/F162004.v4b_web.stable_lights.avg_vis.tif,../json/country/france.json,"[1992927, 8223595]"
../../dataset/dmsp/stable/F162004.v4b_web.stable_lights.avg_vis.tif,../json/country/germany.json,"[1000532, 7058341]"
../../dataset/dmsp/stable/F162004.v4b_web.stable_lights.avg_vis.tif,../json/country/india.json,"[11590432, 13749425]"
../../dataset/dmsp/stable/F162004.v4b_web.stable_lights.avg_vis.tif,../json/country/indonesia.json,"[10441980, 2098089]"
../../dataset/dmsp/stable/F162004.v4b_web.stable_lights.avg_vis.tif,../json/country/iran.json,"[4053948, 5983710]"
../../dataset/dmsp/stable/F162004.v4b_web.stable_lights.avg_vis.tif,../json/country/italy.json,"[1776749, 7084811]"
../../dataset/dmsp/stable/F162004.v4b_web.stable_lights.avg_vis.tif,../json/country/japan.json,"[3376191, 7283736]"
../../dataset/dmsp/stable/F162004.v4b_web.stable_lights.avg_vis.tif,../json/country/korea.json,"[500337, 45467]"
../../dataset/dmsp/stable/F162004.v4b_web.stable_lights.avg_vis.tif,../json/country/mexico.json,"[7940298, 5575568]"
../../dataset/dmsp/stable/F162004.v4b_web.stable_lights.avg_vis.tif,../json/country/netherlands.json,"[148004, 1475008]"
../../dataset/dmsp/stable/F162004.v4b_web.stable_lights.avg_vis.tif,../json/country/russia.json,"[175525663, 26357159]"
../../dataset/dmsp/stable/F162004.v4b_web.stable_lights.avg_vis.tif,../json/country/saudiarab.json,"[4792450, 3453197]"
../../dataset/dmsp/stable/F162004.v4b_web.stable_lights.avg_vis.tif,../json/country/spain.json,"[1398941, 5277325]"
../../dataset/dmsp/stable/F162004.v4b_web.stable_lights.avg_vis.tif,../json/country/switzerland.json,"[131688, 781346]"
../../dataset/dmsp/stable/F162004.v4b_web.stable_lights.avg_vis.tif,../json/country/turkey.json,"[1708509, 2769010]"
../../dataset/dmsp/stable/F162004.v4b_web.stable_lights.avg_vis.tif,../json/country/uk.json,"[1158704, 6214079]"
../../dataset/dmsp/stable/F162004.v4b_web.stable_lights.avg_vis.tif,../json/country/usa.json,"[79178520, 62187107]"
../../dataset/dmsp/stable/F162005.v4b_web.stable_lights.avg_vis.tif,../json/country/Poland.json,"[837200, 4194153]"
../../dataset/dmsp/stable/F162005.v4b_web.stable_lights.avg_vis.tif,../json/country/Sweden.json,"[2552446, 2887082]"
../../dataset/dmsp/stable/F162005.v4b_web.stable_lights.avg_vis.tif,../json/country/australia.json,"[19104396, 1683794]"
../../dataset/dmsp/stable/F162005.v4b_web.stable_lights.avg_vis.tif,../json/country/brazil.json,"[22056902, 6838725]"
../../dataset/dmsp/stable/F162005.v4b_web.stable_lights.avg_vis.tif,../json/country/canada.json,"[42412000, 10047860]"
../../dataset/dmsp/stable/F162005.v4b_web.stable_lights.avg_vis.tif,../json/country/china.json,"[31160216, 18837620]"
../../dataset/dmsp/stable/F162005.v4b_web.stable_lights.avg_vis.tif,../json/country/france.json,"[1992927, 7840757]"
../../dataset/dmsp/stable/F162005.v4b_web.stable_lights.avg_vis.tif,../json/country/germany.json,"[1000532, 6773829]"
../../dataset/dmsp/stable/F162005.v4b_web.stable_lights.avg_vis.tif,../json/country/india.json,"[11590432, 11325663]"
../../dataset/dmsp/stable/F162005.v4b_web.stable_lights.avg_vis.tif,../json/country/indonesia.json,"[10441980, 1686902]"
../../dataset/dmsp/stable/F162005.v4b_web.stable_lights.avg_vis.tif,../json/country/iran.json,"[4053948, 5638949]"
../../dataset/dmsp/stable/F162005.v4b_web.stable_lights.avg_vis.tif,../json/country/italy.json,"[1776749, 6662937]"
../../dataset/dmsp/stable/F162005.v4b_web.stable_lights.avg_vis.tif,../json/country/japan.json,"[3376191, 6808097]"
../../dataset/dmsp/stable/F162005.v4b_web.stable_lights.avg_vis.tif,../json/country/korea.json,"[500337, 44022]"
../../dataset/dmsp/stable/F162005.v4b_web.stable_lights.avg_vis.tif,../json/country/mexico.json,"[7940298, 4866310]"
../../dataset/dmsp/stable/F162005.v4b_web.stable_lights.avg_vis.tif,../json/country/netherlands.json,"[148004, 1415392]"
../../dataset/dmsp/stable/F162005.v4b_web.stable_lights.avg_vis.tif,../json/country/russia.json,"[175525663, 24218808]"
../../dataset/dmsp/stable/F162005.v4b_web.stable_lights.avg_vis.tif,../json/country/saudiarab.json,"[4792450, 3237227]"
../../dataset/dmsp/stable/F162005.v4b_web.stable_lights.avg_vis.tif,../json/country/spain.json,"[1398941, 4932492]"
../../dataset/dmsp/stable/F162005.v4b_web.stable_lights.avg_vis.tif,../json/country/switzerland.json,"[131688, 928902]"
../../dataset/dmsp/stable/F162005.v4b_web.stable_lights.avg_vis.tif,../json/country/turkey.json,"[1708509, 2257974]"
../../dataset/dmsp/stable/F162005.v4b_web.stable_lights.avg_vis.tif,../json/country/uk.json,"[1158704, 5494542]"
../../dataset/dmsp/stable/F162005.v4b_web.stable_lights.avg_vis.tif,../json/country/usa.json,"[79178520, 55365913]"
../../dataset/dmsp/stable/F162006.v4b_web.stable_lights.avg_vis.tif,../json/country/Poland.json,"[837200, 4822896]"
../../dataset/dmsp/stable/F162006.v4b_web.stable_lights.avg_vis.tif,../json/country/Sweden.json,"[2552446, 3108894]"
../../dataset/dmsp/stable/F162006.v4b_web.stable_lights.avg_vis.tif,../json/country/australia.json,"[19104396, 1880296]"
../../dataset/dmsp/stable/F162006.v4b_web.stable_lights.avg_vis.tif,../json/country/brazil.json,"[22056902, 8120768]"
../../dataset/dmsp/stable/F162006.v4b_web.stable_lights.avg_vis.tif,../json/country/canada.json,"[42412000, 9838027]"
../../dataset/dmsp/stable/F162006.v4b_web.stable_lights.avg_vis.tif,../json/country/china.json,"[31160216, 21604122]"
../../dataset/dmsp/stable/F162006.v4b_web.stable_lights.avg_vis.tif,../json/country/france.json,"[1992927, 8514554]"
../../dataset/dmsp/stable/F162006.v4b_web.stable_lights.avg_vis.tif,../json/country/germany.json,"[1000532, 6913600]"
../../dataset/dmsp/stable/F162006.v4b_web.stable_lights.avg_vis.tif,../json/country/india.json,"[11590432, 12439055]"
../../dataset/dmsp/stable/F162006.v4b_web.stable_lights.avg_vis.tif,../json/country/indonesia.json,"[10441980, 2205864]"
../../dataset/dmsp/stable/F162006.v4b_web.stable_lights.avg_vis.tif,../json/country/iran.json,"[4053948, 6534258]"
../../dataset/dmsp/stable/F162006.v4b_web.stable_lights.avg_vis.tif,../json/country/italy.json,"[1776749, 7267759]"
../../dataset/dmsp/stable/F162006.v4b_web.stable_lights.avg_vis.tif,../json/country/japan.json,"[3376191, 6852493]"
../../dataset/dmsp/stable/F162006.v4b_web.stable_lights.avg_vis.tif,../json/country/korea.json,"[500337, 44253]"
../../dataset/dmsp/stable/F162006.v4b_web.stable_lights.avg_vis.tif,../json/country/mexico.json,"[7940298, 5227401]"
../../dataset/dmsp/stable/F162006.v4b_web.stable_lights.avg_vis.tif,../json/country/netherlands.json,"[148004, 1477564]"
../../dataset/dmsp/stable/F162006.v4b_web.stable_lights.avg_vis.tif,../json/country/russia.json,"[175525663, 23336195]"
../../dataset/dmsp/stable/F162006.v4b_web.stable_lights.avg_vis.tif,../json/country/saudiarab.json,"[4792450, 3783617]"
../../dataset/dmsp/stable/F162006.v4b_web.stable_lights.avg_vis.tif,../json/country/spain.json,"[1398941, 5438405]"
../../dataset/dmsp/stable/F162006.v4b_web.stable_lights.avg_vis.tif,../json/country/switzerland.json,"[131688, 827645]"
../../dataset/dmsp/stable/F162006.v4b_web.stable_lights.avg_vis.tif,../json/country/turkey.json,"[1708509, 2573148]"
../../dataset/dmsp/stable/F162006.v4b_web.stable_lights.avg_vis.tif,../json/country/uk.json,"[1158704, 5932701]"
../../dataset/dmsp/stable/F162006.v4b_web.stable_lights.avg_vis.tif,../json/country/usa.json,"[79178520, 58659415]"
../../dataset/dmsp/stable/F162007.v4b_web.stable_lights.avg_vis.tif,../json/country/Poland.json,"[837200, 4508559]"
../../dataset/dmsp/stable/F162007.v4b_web.stable_lights.avg_vis.tif,../json/country/Sweden.json,"[2552446, 3697500]"
../../dataset/dmsp/stable/F162007.v4b_web.stable_lights.avg_vis.tif,../json/country/australia.json,"[19104396, 2043273]"
../../dataset/dmsp/stable/F162007.v4b_web.stable_lights.avg_vis.tif,../json/country/brazil.json,"[22056902, 8874435]"
../../dataset/dmsp/stable/F162007.v4b_web.stable_lights.avg_vis.tif,../json/country/canada.json,"[42412000, 13798071]"
../../dataset/dmsp/stable/F162007.v4b_web.stable_lights.avg_vis.tif,../json/country/china.json,"[31160216, 25438174]"
../../dataset/dmsp/stable/F162007.v4b_web.stable_lights.avg_vis.tif,../json/country/france.json,"[1992927, 9505011]"
../../dataset/dmsp/stable/F162007.v4b_web.stable_lights.avg_vis.tif,../json/country/germany.json,"[1000532, 7678037]"
../../dataset/dmsp/stable/F162007.v4b_web.stable_lights.avg_vis.tif,../json/country/india.json,"[11590432, 15957453]"
../../dataset/dmsp/stable/F162007.v4b_web.stable_lights.avg_vis.tif,../json/country/indonesia.json,"[10441980, 2131954]"
../../dataset/dmsp/stable/F162007.v4b_web.stable_lights.avg_vis.tif,../json/country/iran.json,"[4053948, 7572379]"
../../dataset/dmsp/stable/F162007.v4b_web.stable_lights.avg_vis.tif,../json/country/italy.json,"[1776749, 8111823]"
../../dataset/dmsp/stable/F162007.v4b_web.stable_lights.avg_vis.tif,../json/country/japan.json,"[3376191, 7610280]"
../../dataset/dmsp/stable/F162007.v4b_web.stable_lights.avg_vis.tif,../json/country/korea.json,"[500337, 55649]"
../../dataset/dmsp/stable/F162007.v4b_web.stable_lights.avg_vis.tif,../json/country/mexico.json,"[7940298, 6072049]"
../../dataset/dmsp/stable/F162007.v4b_web.stable_lights.avg_vis.tif,../json/country/netherlands.json,"[148004, 1650530]"
../../dataset/dmsp/stable/F162007.v4b_web.stable_lights.avg_vis.tif,../json/country/russia.json,"[175525663, 30271724]"
../../dataset/dmsp/stable/F162007.v4b_web.stable_lights.avg_vis.tif,../json/country/saudiarab.json,"[4792450, 4284637]"
../../dataset/dmsp/stable/F162007.v4b_web.stable_lights.avg_vis.tif,../json/country/spain.json,"[1398941, 6254587]"
../../dataset/dmsp/stable/F162007.v4b_web.stable_lights.avg_vis.tif,../json/country/switzerland.json,"[131688, 941657]"
../../dataset/dmsp/stable/F162007.v4b_web.stable_lights.avg_vis.tif,../json/country/turkey.json,"[1708509, 3499212]"
../../dataset/dmsp/stable/F162007.v4b_web.stable_lights.avg_vis.tif,../json/country/uk.json,"[1158704, 6550080]"
../../dataset/dmsp/stable/F162007.v4b_web.stable_lights.avg_vis.tif,../json/country/usa.json,"[79178520, 68288826]"
../../dataset/dmsp/stable/F162008.v4b_web.stable_lights.avg_vis.tif,../json/country/Poland.json,"[837200, 4613272]"
../../dataset/dmsp/stable/F162008.v4b_web.stable_lights.avg_vis.tif,../json/country/Sweden.json,"[2552446, 3639748]"
../../dataset/dmsp/stable/F162008.v4b_web.stable_lights.avg_vis.tif,../json/country/australia.json,"[19104396, 2015312]"
../../dataset/dmsp/stable/F162008.v4b_web.stable_lights.avg_vis.tif,../json/country/brazil.json,"[22056902, 8761552]"
../../dataset/dmsp/stable/F162008.v4b_web.stable_lights.avg_vis.tif,../json/country/canada.json,"[42412000, 13766228]"
../../dataset/dmsp/stable/F162008.v4b_web.stable_lights.avg_vis.tif,../json/country/china.json,"[31160216, 25220002]"
../../dataset/dmsp/stable/F162008.v4b_web.stable_lights.avg_vis.tif,../json/country/france.json,"[1992927, 9366300]"
../../dataset/dmsp/stable/F162008.v4b_web.stable_lights.avg_vis.tif,../json/country/germany.json,"[1000532, 7776948]"
../../dataset/dmsp/stable/F162008.v4b_web.stable_lights.avg_vis.tif,../json/country/india.json,"[11590432, 15158007]"
../../dataset/dmsp/stable/F162008.v4b_web.stable_lights.avg_vis.tif,../json/country/indonesia.json,"[10441980, 2067898]"
../../dataset/dmsp/stable/F162008.v4b_web.stable_lights.avg_vis.tif,../json/country/iran.json,"[4053948, 7139600]"
../../dataset/dmsp/stable/F162008.v4b_web.stable_lights.avg_vis.tif,../json/country/italy.json,"[1776749, 7935950]"
../../dataset/dmsp/stable/F162008.v4b_web.stable_lights.avg_vis.tif,../json/country/japan.json,"[3376191, 7331920]"
../../dataset/dmsp/stable/F162008.v4b_web.stable_lights.avg_vis.tif,../json/country/korea.json,"[500337, 43170]"
../../dataset/dmsp/stable/F162008.v4b_web.stable_lights.avg_vis.tif,../json/country/mexico.json,"[7940298, 5961853]"
../../dataset/dmsp/stable/F162008.v4b_web.stable_lights.avg_vis.tif,../json/country/netherlands.json,"[148004, 1690925]"
../../dataset/dmsp/stable/F162008.v4b_web.stable_lights.avg_vis.tif,../json/country/russia.json,"[175525663, 28146923]"
../../dataset/dmsp/stable/F162008.v4b_web.stable_lights.avg_vis.tif,../json/country/saudiarab.json,"[4792450, 4345278]"
../../dataset/dmsp/stable/F162008.v4b_web.stable_lights.avg_vis.tif,../json/country/spain.json,"[1398941, 5924279]"
../../dataset/dmsp/stable/F162008.v4b_web.stable_lights.avg_vis.tif,../json/country/switzerland.json,"[131688, 1019065]"
../../dataset/dmsp/stable/F162008.v4b_web.stable_lights.avg_vis.tif,../json/country/turkey.json,"[1708509, 3619400]"
../../dataset/dmsp/stable/F162008.v4b_web.stable_lights.avg_vis.tif,../json/country/uk.json,"[1158704, 6114055]"
../../dataset/dmsp/stable/F162008.v4b_web.stable_lights.avg_vis.tif,../json/country/usa.json,"[79178520, 67156632]"
../../dataset/dmsp/stable/F162009.v4b_web.stable_lights.avg_vis.tif,../json/country/Poland.json,"[837200, 5017997]"
../../dataset/dmsp/stable/F162009.v4b_web.stable_lights.avg_vis.tif,../json/country/Sweden.json,"[2552446, 3123081]"
../../dataset/dmsp/stable/F162009.v4b_web.stable_lights.avg_vis.tif,../json/country/australia.json,"[19104396, 2024589]"
../../dataset/dmsp/stable/F162009.v4b_web.stable_lights.avg_vis.tif,../json/country/brazil.json,"[22056902, 8614014]"
../../dataset/dmsp/stable/F162009.v4b_web.stable_lights.avg_vis.tif,../json/country/canada.json,"[42412000, 11946645]"
../../dataset/dmsp/stable/F162009.v4b_web.stable_lights.avg_vis.tif,../json/country/china.json,"[31160216, 23721125]"
../../dataset/dmsp/stable/F162009.v4b_web.stable_lights.avg_vis.tif,../json/country/france.json,"[1992927, 9127400]"
../../dataset/dmsp/stable/F162009.v4b_web.stable_lights.avg_vis.tif,../json/country/germany.json,"[1000532, 7938896]"
../../dataset/dmsp/stable/F162009.v4b_web.stable_lights.avg_vis.tif,../json/country/india.json,"[11590432, 14461509]"
../../dataset/dmsp/stable/F162009.v4b_web.stable_lights.avg_vis.tif,../json/country/indonesia.json,"[10441980, 2057209]"
../../dataset/dmsp/stable/F162009.v4b_web.stable_lights.avg_vis.tif,../json/country/iran.json,"[4053948, 6257035]"
../../dataset/dmsp/stable/F162009.v4b_web.stable_lights.avg_vis.tif,../json/country/italy.json,"[1776749, 7843808]"
../../dataset/dmsp/stable/F162009.v4b_web.stable_lights.avg_vis.tif,../json/country/japan.json,"[3376191, 7224997]"
../../dataset/dmsp/stable/F162009.v4b_web.stable_lights.avg_vis.tif,../json/country/korea.json,"[500337, 37867]"
../../dataset/dmsp/stable/F162009.v4b_web.stable_lights.avg_vis.tif,../json/country/mexico.json,"[7940298, 5409448]"
../../dataset/dmsp/stable/F162009.v4b_web.stable_lights.avg_vis.tif,../json/country/netherlands.json,"[148004, 1633506]"
../../dataset/dmsp/stable/F162009.v4b_web.stable_lights.avg_vis.tif,../json/country/russia.json,"[175525663, 27905977]"
../../dataset/dmsp/stable/F162009.v4b_web.stable_lights.avg_vis.tif,../json/country/saudiarab.json,"[4792450, 4099633]"
../../dataset/dmsp/stable/F162009.v4b_web.stable_lights.avg_vis.tif,../json/country/spain.json,"[1398941, 5909339]"
../../dataset/dmsp/stable/F162009.v4b_web.stable_lights.avg_vis.tif,../json/country/switzerland.json,"[131688, 982587]"
../../dataset/dmsp/stable/F162009.v4b_web.stable_lights.avg_vis.tif,../json/country/turkey.json,"[1708509, 2871427]"
../../dataset/dmsp/stable/F162009.v4b_web.stable_lights.avg_vis.tif,../json/country/uk.json,"[1158704, 6091105]"
../../dataset/dmsp/stable/F162009.v4b_web.stable_lights.avg_vis.tif,../json/country/usa.json,"[79178520, 63839473]"
../../dataset/dmsp/stable/F182010.v4d_web.stable_lights.avg_vis.tif,../json/country/Poland.json,"[837200, 11013992]"
../../dataset/dmsp/stable/F182010.v4d_web.stable_lights.avg_vis.tif,../json/country/Sweden.json,"[2552446, 7169269]"
../../dataset/dmsp/stable/F182010.v4d_web.stable_lights.avg_vis.tif,../json/country/australia.json,"[19104396, 2686539]"
../../dataset/dmsp/stable/F182010.v4d_web.stable_lights.avg_vis.tif,../json/country/brazil.json,"[22056902, 13149764]"
../../dataset/dmsp/stable/F182010.v4d_web.stable_lights.avg_vis.tif,../json/country/canada.json,"[42412000, 16835124]"
../../dataset/dmsp/stable/F182010.v4d_web.stable_lights.avg_vis.tif,../json/country/china.json,"[31160216, 36545168]"
../../dataset/dmsp/stable/F182010.v4d_web.stable_lights.avg_vis.tif,../json/country/france.json,"[1992927, 13327448]"
../../dataset/dmsp/stable/F182010.v4d_web.stable_lights.avg_vis.tif,../json/country/germany.json,"[1000532, 14107601]"
../../dataset/dmsp/stable/F182010.v4d_web.stable_lights.avg_vis.tif,../json/country/india.json,"[11590432, 21892570]"
../../dataset/dmsp/stable/F182010.v4d_web.stable_lights.avg_vis.tif,../json/country/indonesia.json,"[10441980, 3004668]"
../../dataset/dmsp/stable/F182010.v4d_web.stable_lights.avg_vis.tif,../json/country/iran.json,"[4053948, 8954731]"
../../dataset/dmsp/stable/F182010.v4d_web.stable_lights.avg_vis.tif,../json/country/italy.json,"[1776749, 10238152]"
../../dataset/dmsp/stable/F182010.v4d_web.stable_lights.avg_vis.tif,../json/country/japan.json,"[3376191, 9044887]"
../../dataset/dmsp/stable/F182010.v4d_web.stable_lights.avg_vis.tif,../json/country/korea.json,"[500337, 85992]"
../../dataset/dmsp/stable/F182010.v4d_web.stable_lights.avg_vis.tif,../json/country/mexico.json,"[7940298, 7831576]"
../../dataset/dmsp/stable/F182010.v4d_web.stable_lights.avg_vis.tif,../json/country/netherlands.json,"[148004, 2419837]"
../../dataset/dmsp/stable/F182010.v4d_web.stable_lights.avg_vis.tif,../json/country/russia.json,"[175525663, 43061297]"
../../dataset/dmsp/stable/F182010.v4d_web.stable_lights.avg_vis.tif,../json/country/saudiarab.json,"[4792450, 6221098]"
../../dataset/dmsp/stable/F182010.v4d_web.stable_lights.avg_vis.tif,../json/country/spain.json,"[1398941, 7733887]"
../../dataset/dmsp/stable/F182010.v4d_web.stable_lights.avg_vis.tif,../json/country/switzerland.json,"[131688, 1494877]"
../../dataset/dmsp/stable/F182010.v4d_web.stable_lights.avg_vis.tif,../json/country/turkey.json,"[1708509, 4887165]"
../../dataset/dmsp/stable/F182010.v4d_web.stable_lights.avg_vis.tif,../json/country/uk.json,"[1158704, 8604536]"
../../dataset/dmsp/stable/F182010.v4d_web.stable_lights.avg_vis.tif,../json/country/usa.json,"[79178520, 84604863]"
../../dataset/dmsp/stable/F182011.v4c_web.stable_lights.avg_vis.tif,../json/country/Poland.json,"[837200, 6965483]"
../../dataset/dmsp/stable/F182011.v4c_web.stable_lights.avg_vis.tif,../json/country/Sweden.json,"[2552446, 4575047]"
../../dataset/dmsp/stable/F182011.v4c_web.stable_lights.avg_vis.tif,../json/country/australia.json,"[19104396, 2336816]"
../../dataset/dmsp/stable/F182011.v4c_web.stable_lights.avg_vis.tif,../json/country/brazil.json,"[22056902, 11287348]"
../../dataset/dmsp/stable/F182011.v4c_web.stable_lights.avg_vis.tif,../json/country/canada.json,"[42412000, 14612283]"
../../dataset/dmsp/stable/F182011.v4c_web.stable_lights.avg_vis.tif,../json/country/china.json,"[31160216, 32718703]"
../../dataset/dmsp/stable/F182011.v4c_web.stable_lights.avg_vis.tif,../json/country/france.json,"[1992927, 9902077]"
../../dataset/dmsp/stable/F182011.v4c_web.stable_lights.avg_vis.tif,../json/country/germany.json,"[1000532, 8916635]"
../../dataset/dmsp/stable/F182011.v4c_web.stable_lights.avg_vis.tif,../json/country/india.json,"[11590432, 18633968]"
../../dataset/dmsp/stable/F182011.v4c_web.stable_lights.avg_vis.tif,../json/country/indonesia.json,"[10441980, 2798443]"
../../dataset/dmsp/stable/F182011.v4c_web.stable_lights.avg_vis.tif,../json/country/iran.json,"[4053948, 7150225]"
../../dataset/dmsp/stable/F182011.v4c_web.stable_lights.avg_vis.tif,../json/country/italy.json,"[1776749, 8889162]"
../../dataset/dmsp/stable/F182011.v4c_web.stable_lights.avg_vis.tif,../json/country/japan.json,"[3376191, 7710997]"
../../dataset/dmsp/stable/F182011.v4c_web.stable_lights.avg_vis.tif,../json/country/korea.json,"[500337, 60322]"
../../dataset/dmsp/stable/F182011.v4c_web.stable_lights.avg_vis.tif,../json/country/mexico.json,"[7940298, 6929636]"
../../dataset/dmsp/stable/F182011.v4c_web.stable_lights.avg_vis.tif,../json/country/netherlands.json,"[148004, 1721879]"
../../dataset/dmsp/stable/F182011.v4c_web.stable_lights.avg_vis.tif,../json/country/russia.json,"[175525663, 37010583]"
../../dataset/dmsp/stable/F182011.v4c_web.stable_lights.avg_vis.tif,../json/country/saudiarab.json,"[4792450, 5838241]"
../../dataset/dmsp/stable/F182011.v4c_web.stable_lights.avg_vis.tif,../json/country/spain.json,"[1398941, 6553748]"
../../dataset/dmsp/stable/F182011.v4c_web.stable_lights.avg_vis.tif,../json/country/switzerland.json,"[131688, 1051692]"
../../dataset/dmsp/stable/F182011.v4c_web.stable_lights.avg_vis.tif,../json/country/turkey.json,"[1708509, 4449387]"
../../dataset/dmsp/stable/F182011.v4c_web.stable_lights.avg_vis.tif,../json/country/uk.json,"[1158704, 6305592]"
../../dataset/dmsp/stable/F182011.v4c_web.stable_lights.avg_vis.tif,../json/country/usa.json,"[79178520, 71740388]"
../../dataset/dmsp/stable/F182012.v4c_web.stable_lights.avg_vis.tif,../json/country/Poland.json,"[837200, 8389589]"
../../dataset/dmsp/stable/F182012.v4c_web.stable_lights.avg_vis.tif,../json/country/Sweden.json,"[2552446, 5155446]"
../../dataset/dmsp/stable/F182012.v4c_web.stable_lights.avg_vis.tif,../json/country/australia.json,"[19104396, 2621136]"
../../dataset/dmsp/stable/F182012.v4c_web.stable_lights.avg_vis.tif,../json/country/brazil.json,"[22056902, 12983657]"
../../dataset/dmsp/stable/F182012.v4c_web.stable_lights.avg_vis.tif,../json/country/canada.json,"[42412000, 13609498]"
../../dataset/dmsp/stable/F182012.v4c_web.stable_lights.avg_vis.tif,../json/country/china.json,"[31160216, 34066712]"
../../dataset/dmsp/stable/F182012.v4c_web.stable_lights.avg_vis.tif,../json/country/france.json,"[1992927, 10856321]"
../../dataset/dmsp/stable/F182012.v4c_web.stable_lights.avg_vis.tif,../json/country/germany.json,"[1000532, 10071812]"
../../dataset/dmsp/stable/F182012.v4c_web.stable_lights.avg_vis.tif,../json/country/india.json,"[11590432, 20606112]"
../../dataset/dmsp/stable/F182012.v4c_web.stable_lights.avg_vis.tif,../json/country/indonesia.json,"[10441980, 3160622]"
../../dataset/dmsp/stable/F182012.v4c_web.stable_lights.avg_vis.tif,../json/country/iran.json,"[4053948, 7856323]"
../../dataset/dmsp/stable/F182012.v4c_web.stable_lights.avg_vis.tif,../json/country/italy.json,"[1776749, 9660616]"
../../dataset/dmsp/stable/F182012.v4c_web.stable_lights.avg_vis.tif,../json/country/japan.json,"[3376191, 8063265]"
../../dataset/dmsp/stable/F182012.v4c_web.stable_lights.avg_vis.tif,../json/country/korea.json,"[500337, 72957]"
../../dataset/dmsp/stable/F182012.v4c_web.stable_lights.avg_vis.tif,../json/country/mexico.json,"[7940298, 7036868]"
../../dataset/dmsp/stable/F182012.v4c_web.stable_lights.avg_vis.tif,../json/country/netherlands.json,"[148004, 1944217]"
../../dataset/dmsp/stable/F182012.v4c_web.stable_lights.avg_vis.tif,../json/country/russia.json,"[175525663, 37893981]"
../../dataset/dmsp/stable/F182012.v4c_web.stable_lights.avg_vis.tif,../json/country/saudiarab.json,"[4792450, 6442453]"
../../dataset/dmsp/stable/F182012.v4c_web.stable_lights.avg_vis.tif,../json/country/spain.json,"[1398941, 6561817]"
../../dataset/dmsp/stable/F182012.v4c_web.stable_lights.avg_vis.tif,../json/country/switzerland.json,"[131688, 1238479]"
../../dataset/dmsp/stable/F182012.v4c_web.stable_lights.avg_vis.tif,../json/country/turkey.json,"[1708509, 5388944]"
../../dataset/dmsp/stable/F182012.v4c_web.stable_lights.avg_vis.tif,../json/country/uk.json,"[1158704, 6740901]"
../../dataset/dmsp/stable/F182012.v4c_web.stable_lights.avg_vis.tif,../json/country/usa.json,"[79178520, 70121285]"
../../dataset/dmsp/stable/F182013.v4c_web.stable_lights.avg_vis.tif,../json/country/Poland.json,"[837200, 5993181]"
../../dataset/dmsp/stable/F182013.v4c_web.stable_lights.avg_vis.tif,../json/country/Sweden.json,"[2552446, 4555441]"
../../dataset/dmsp/stable/F182013.v4c_web.stable_lights.avg_vis.tif,../json/country/australia.json,"[19104396, 2512784]"
../../dataset/dmsp/stable/F182013.v4c_web.stable_lights.avg_vis.tif,../json/country/brazil.json,"[22056902, 12410180]"
../../dataset/dmsp/stable/F182013.v4c_web.stable_lights.avg_vis.tif,../json/country/canada.json,"[42412000, 15520385]"
../../dataset/dmsp/stable/F182013.v4c_web.stable_lights.avg_vis.tif,../json/country/china.json,"[31160216, 37020963]"
../../dataset/dmsp/stable/F182013.v4c_web.stable_lights.avg_vis.tif,../json/country/france.json,"[1992927, 10534200]"
../../dataset/dmsp/stable/F182013.v4c_web.stable_lights.avg_vis.tif,../json/country/germany.json,"[1000532, 8989156]"
../../dataset/dmsp/stable/F182013.v4c_web.stable_lights.avg_vis.tif,../json/country/india.json,"[11590432, 20296790]"
../../dataset/dmsp/stable/F182013.v4c_web.stable_lights.avg_vis.tif,../json/country/indonesia.json,"[10441980, 2928289]"
../../dataset/dmsp/stable/F182013.v4c_web.stable_lights.avg_vis.tif,../json/country/iran.json,"[4053948, 7479349]"
../../dataset/dmsp/stable/F182013.v4c_web.stable_lights.avg_vis.tif,../json/country/italy.json,"[1776749, 9046581]"
../../dataset/dmsp/stable/F182013.v4c_web.stable_lights.avg_vis.tif,../json/country/japan.json,"[3376191, 8016735]"
../../dataset/dmsp/stable/F182013.v4c_web.stable_lights.avg_vis.tif,../json/country/korea.json,"[500337, 79570]"
../../dataset/dmsp/stable/F182013.v4c_web.stable_lights.avg_vis.tif,../json/country/mexico.json,"[7940298, 6616079]"
../../dataset/dmsp/stable/F182013.v4c_web.stable_lights.avg_vis.tif,../json/country/netherlands.json,"[148004, 1812010]"
../../dataset/dmsp/stable/F182013.v4c_web.stable_lights.avg_vis.tif,../json/country/russia.json,"[175525663, 37448149]"
../../dataset/dmsp/stable/F182013.v4c_web.stable_lights.avg_vis.tif,../json/country/saudiarab.json,"[4792450, 6597048]"
../../dataset/dmsp/stable/F182013.v4c_web.stable_lights.avg_vis.tif,../json/country/spain.json,"[1398941, 6184932]"
../../dataset/dmsp/stable/F182013.v4c_web.stable_lights.avg_vis.tif,../json/country/switzerland.json,"[131688, 1153476]"
../../dataset/dmsp/stable/F182013.v4c_web.stable_lights.avg_vis.tif,../json/country/turkey.json,"[1708509, 5035137]"
../../dataset/dmsp/stable/F182013.v4c_web.stable_lights.avg_vis.tif,../json/country/uk.json,"[1158704, 6558518]"
../../dataset/dmsp/stable/F182013.v4c_web.stable_lights.avg_vis.tif,../json/country/usa.json,"[79178520, 72429916]"
../../dataset/dmsp/stable/F101992.v4b_web.stable_lights.avg_vis.tif,../json/country/Poland.json,"[837200, 2456297]"
../../dataset/dmsp/stable/F101992.v4b_web.stable_lights.avg_vis.tif,../json/country/Sweden.json,"[2552446, 3616797]"
../../dataset/dmsp/stable/F101992.v4b_web.stable_lights.avg_vis.tif,../json/country/australia.json,"[19104396, 1519412]"
../../dataset/dmsp/stable/F101992.v4b_web.stable_lights.avg_vis.tif,../json/country/brazil.json,"[22056902, 4722040]"
../../dataset/dmsp/stable/F101992.v4b_web.stable_lights.avg_vis.tif,../json/country/canada.json,"[42412000, 13833177]"
../../dataset/dmsp/stable/F101992.v4b_web.stable_lights.avg_vis.tif,../json/country/china.json,"[31160216, 9467602]"
../../dataset/dmsp/stable/F101992.v4b_web.stable_lights.avg_vis.tif,../json/country/france.json,"[1992927, 6490385]"
../../dataset/dmsp/stable/F101992.v4b_web.stable_lights.avg_vis.tif,../json/country/germany.json,"[1000532, 6788293]"
../../dataset/dmsp/stable/F101992.v4b_web.stable_lights.avg_vis.tif,../json/country/india.json,"[11590432, 7923011]"
../../dataset/dmsp/stable/F101992.v4b_web.stable_lights.avg_vis.tif,../json/country/indonesia.json,"[10441980, 914064]"
../../dataset/dmsp/stable/F101992.v4b_web.stable_lights.avg_vis.tif,../json/country/iran.json,"[4053948, 3640828]"
../../dataset/dmsp/stable/F101992.v4b_web.stable_lights.avg_vis.tif,../json/country/italy.json,"[1776749, 5726705]"
../../dataset/dmsp/stable/F101992.v4b_web.stable_lights.avg_vis.tif,../json/country/japan.json,"[3376191, 6605464]"
../../dataset/dmsp/stable/F101992.v4b_web.stable_lights.avg_vis.tif,../json/country/korea.json,"[500337, 35494]"
../../dataset/dmsp/stable/F101992.v4b_web.stable_lights.avg_vis.tif,../json/country/mexico.json,"[7940298, 3500522]"
../../dataset/dmsp/stable/F101992.v4b_web.stable_lights.avg_vis.tif,../json/country/netherlands.json,"[148004, 1511656]"
../../dataset/dmsp/stable/F101992.v4b_web.stable_lights.avg_vis.tif,../json/country/russia.json,"[175525663, 28274667]"
../../dataset/dmsp/stable/F101992.v4b_web.stable_lights.avg_vis.tif,../json/country/saudiarab.json,"[4792450, 2768516]"
../../dataset/dmsp/stable/F101992.v4b_web.stable_lights.avg_vis.tif,../json/country/spain.json,"[1398941, 3705218]"
../../dataset/dmsp/stable/F101992.v4b_web.stable_lights.avg_vis.tif,../json/country/switzerland.json,"[131688, 664983]"
../../dataset/dmsp/stable/F101992.v4b_web.stable_lights.avg_vis.tif,../json/country/turkey.json,"[1708509, 1484959]"
../../dataset/dmsp/stable/F101992.v4b_web.stable_lights.avg_vis.tif,../json/country/uk.json,"[1158704, 6385337]"
../../dataset/dmsp/stable/F101992.v4b_web.stable_lights.avg_vis.tif,../json/country/usa.json,"[79178520, 58567002]"
../../dataset/dmsp/stable/F101993.v4b_web.stable_lights.avg_vis.tif,../json/country/Poland.json,"[837200, 2230093]"
../../dataset/dmsp/stable/F101993.v4b_web.stable_lights.avg_vis.tif,../json/country/Sweden.json,"[2552446, 3683282]"
../../dataset/dmsp/stable/F101993.v4b_web.stable_lights.avg_vis.tif,../json/country/australia.json,"[19104396, 1682915]"
../../dataset/dmsp/stable/F101993.v4b_web.stable_lights.avg_vis.tif,../json/country/brazil.json,"[22056902, 5522327]"
../../dataset/dmsp/stable/F101993.v4b_web.stable_lights.avg_vis.tif,../json/country/canada.json,"[42412000, 14106214]"
../../dataset/dmsp/stable/F101993.v4b_web.stable_lights.avg_vis.tif,../json/country/china.json,"[31160216, 10337858]"
../../dataset/dmsp/stable/F101993.v4b_web.stable_lights.avg_vis.tif,../json/country/france.json,"[1992927, 6502775]"
../../dataset/dmsp/stable/F101993.v4b_web.stable_lights.avg_vis.tif,../json/country/germany.json,"[1000532, 6039773]"
../../dataset/dmsp/stable/F101993.v4b_web.stable_lights.avg_vis.tif,../json/country/india.json,"[11590432, 9159391]"
../../dataset/dmsp/stable/F101993.v4b_web.stable_lights.avg_vis.tif,../json/country/indonesia.json,"[10441980, 1369995]"
../../dataset/dmsp/stable/F101993.v4b_web.stable_lights.avg_vis.tif,../json/country/iran.json,"[4053948, 3838469]"
../../dataset/dmsp/stable/F101993.v4b_web.stable_lights.avg_vis.tif,../json/country/italy.json,"[1776749, 5461699]"
../../dataset/dmsp/stable/F101993.v4b_web.stable_lights.avg_vis.tif,../json/country/japan.json,"[3376191, 6860922]"
../../dataset/dmsp/stable/F101993.v4b_web.stable_lights.avg_vis.tif,../json/country/korea.json,"[500337, 41715]"
../../dataset/dmsp/stable/F101993.v4b_web.stable_lights.avg_vis.tif,../json/country/mexico.json,"[7940298, 4240114]"
../../dataset/dmsp/stable/F101993.v4b_web.stable_lights.avg_vis.tif,../json/country/netherlands.json,"[148004, 1595381]"
../../dataset/dmsp/stable/F101993.v4b_web.stable_lights.avg_vis.tif,../json/country/russia.json,"[175525663, 28810490]"
../../dataset/dmsp/stable/F101993.v4b_web.stable_lights.avg_vis.tif,../json/country/saudiarab.json,"[4792450, 2841189]"
../../dataset/dmsp/stable/F101993.v4b_web.stable_lights.avg_vis.tif,../json/country/spain.json,"[1398941, 3792292]"
../../dataset/dmsp/stable/F101993.v4b_web.stable_lights.avg_vis.tif,../json/country/switzerland.json,"[131688, 612451]"
../../dataset/dmsp/stable/F101993.v4b_web.stable_lights.avg_vis.tif,../json/country/turkey.json,"[1708509, 2096023]"
../../dataset/dmsp/stable/F101993.v4b_web.stable_lights.avg_vis.tif,../json/country/uk.json,"[1158704, 6329686]"
../../dataset/dmsp/stable/F101993.v4b_web.stable_lights.avg_vis.tif,../json/country/usa.json,"[79178520, 61789238]"
../../dataset/dmsp/stable/F101994.v4b_web.stable_lights.avg_vis.tif,../json/country/Poland.json,"[837200, 2203215]"
../../dataset/dmsp/stable/F101994.v4b_web.stable_lights.avg_vis.tif,../json/country/Sweden.json,"[2552446, 4759079]"
../../dataset/dmsp/stable/F101994.v4b_web.stable_lights.avg_vis.tif,../json/country/australia.json,"[19104396, 1658642]"
../../dataset/dmsp/stable/F101994.v4b_web.stable_lights.avg_vis.tif,../json/country/brazil.json,"[22056902, 5312290]"
../../dataset/dmsp/stable/F101994.v4b_web.stable_lights.avg_vis.tif,../json/country/canada.json,"[42412000, 12449155]"
../../dataset/dmsp/stable/F101994.v4b_web.stable_lights.avg_vis.tif,../json/country/china.json,"[31160216, 10416869]"
../../dataset/dmsp/stable/F101994.v4b_web.stable_lights.avg_vis.tif,../json/country/france.json,"[1992927, 6261246]"
../../dataset/dmsp/stable/F101994.v4b_web.stable_lights.avg_vis.tif,../json/country/germany.json,"[1000532, 6019492]"
../../dataset/dmsp/stable/F101994.v4b_web.stable_lights.avg_vis.tif,../json/country/india.json,"[11590432, 9193859]"
../../dataset/dmsp/stable/F101994.v4b_web.stable_lights.avg_vis.tif,../json/country/indonesia.json,"[10441980, 1401542]"
../../dataset/dmsp/stable/F101994.v4b_web.stable_lights.avg_vis.tif,../json/country/iran.json,"[4053948, 3611965]"
../../dataset/dmsp/stable/F101994.v4b_web.stable_lights.avg_vis.tif,../json/country/italy.json,"[1776749, 5700263]"
../../dataset/dmsp/stable/F101994.v4b_web.stable_lights.avg_vis.tif,../json/country/japan.json,"[3376191, 7041108]"
../../dataset/dmsp/stable/F101994.v4b_web.stable_lights.avg_vis.tif,../json/country/korea.json,"[500337, 38825]"
../../dataset/dmsp/stable/F101994.v4b_web.stable_lights.avg_vis.tif,../json/country/mexico.json,"[7940298, 4279268]"
../../dataset/dmsp/stable/F101994.v4b_web.stable_lights.avg_vis.tif,../json/country/netherlands.json,"[148004, 1521067]"
../../dataset/dmsp/stable/F101994.v4b_web.stable_lights.avg_vis.tif,../json/country/russia.json,"[175525663, 31407587]"
../../dataset/dmsp/stable/F101994.v4b_web.stable_lights.avg_vis.tif,../json/country/saudiarab.json,"[4792450, 2846701]"
../../dataset/dmsp/stable/F101994.v4b_web.stable_lights.avg_vis.tif,../json/country/spain.json,"[1398941, 3683165]"
../../dataset/dmsp/stable/F101994.v4b_web.stable_lights.avg_vis.tif,../json/country/switzerland.json,"[131688, 649689]"
../../dataset/dmsp/stable/F101994.v4b_web.stable_lights.avg_vis.tif,../json/country/turkey.json,"[1708509, 1785123]"
../../dataset/dmsp/stable/F101994.v4b_web.stable_lights.avg_vis.tif,../json/country/uk.json,"[1158704, 6076148]"
../../dataset/dmsp/stable/F101994.v4b_web.stable_lights.avg_vis.tif,../json/country/usa.json,"[79178520, 61367523]"
../../dataset/dmsp/stable/F121994.v4b_web.stable_lights.avg_vis.tif,../json/country/Poland.json,"[837200, 2384706]"
../../dataset/dmsp/stable/F121994.v4b_web.stable_lights.avg_vis.tif,../json/country/Sweden.json,"[2552446, 3683288]"
../../dataset/dmsp/stable/F121994.v4b_web.stable_lights.avg_vis.tif,../json/country/australia.json,"[19104396, 1683452]"
../../dataset/dmsp/stable/F121994.v4b_web.stable_lights.avg_vis.tif,../json/country/brazil.json,"[22056902, 4714724]"
../../dataset/dmsp/stable/F121994.v4b_web.stable_lights.avg_vis.tif,../json/country/canada.json,"[42412000, 12611499]"
../../dataset/dmsp/stable/F121994.v4b_web.stable_lights.avg_vis.tif,../json/country/china.json,"[31160216, 12400237]"
../../dataset/dmsp/stable/F121994.v4b_web.stable_lights.avg_vis.tif,../json/country/france.json,"[1992927, 7810838]"
../../dataset/dmsp/stable/F121994.v4b_web.stable_lights.avg_vis.tif,../json/country/germany.json,"[1000532, 7355049]"
../../dataset/dmsp/stable/F121994.v4b_web.stable_lights.avg_vis.tif,../json/country/india.json,"[11590432, 10312987]"
../../dataset/dmsp/stable/F121994.v4b_web.stable_lights.avg_vis.tif,../json/country/indonesia.json,"[10441980, 1379461]"
../../dataset/dmsp/stable/F121994.v4b_web.stable_lights.avg_vis.tif,../json/country/iran.json,"[4053948, 3931005]"
../../dataset/dmsp/stable/F121994.v4b_web.stable_lights.avg_vis.tif,../json/country/italy.json,"[1776749, 6635128]"
../../dataset/dmsp/stable/F121994.v4b_web.stable_lights.avg_vis.tif,../json/country/japan.json,"[3376191, 7137881]"
../../dataset/dmsp/stable/F121994.v4b_web.stable_lights.avg_vis.tif,../json/country/korea.json,"[500337, 47227]"
../../dataset/dmsp/stable/F121994.v4b_web.stable_lights.avg_vis.tif,../json/country/mexico.json,"[7940298, 4335648]"
../../dataset/dmsp/stable/F121994.v4b_web.stable_lights.avg_vis.tif,../json/country/netherlands.json,"[148004, 1778855]"
../../dataset/dmsp/stable/F121994.v4b_web.stable_lights.avg_vis.tif,../json/country/russia.json,"[175525663, 27787563]"
../../dataset/dmsp/stable/F121994.v4b_web.stable_lights.avg_vis.tif,../json/country/saudiarab.json,"[4792450, 2694147]"
../../dataset/dmsp/stable/F121994.v4b_web.stable_lights.avg_vis.tif,../json/country/spain.json,"[1398941, 4422210]"
../../dataset/dmsp/stable/F121994.v4b_web.stable_lights.avg_vis.tif,../json/country/switzerland.json,"[131688, 785973]"
../../dataset/dmsp/stable/F121994.v4b_web.stable_lights.avg_vis.tif,../json/country/turkey.json,"[1708509, 2131417]"
../../dataset/dmsp/stable/F121994.v4b_web.stable_lights.avg_vis.tif,../json/country/uk.json,"[1158704, 6818214]"
../../dataset/dmsp/stable/F121994.v4b_web.stable_lights.avg_vis.tif,../json/country/usa.json,"[79178520, 59791258]"
../../dataset/dmsp/stable/F121995.v4b_web.stable_lights.avg_vis.tif,../json/country/Poland.json,"[837200, 4069906]"
../../dataset/dmsp/stable/F121995.v4b_web.stable_lights.avg_vis.tif,../json/country/Sweden.json,"[2552446, 5352381]"
../../dataset/dmsp/stable/F121995.v4b_web.stable_lights.avg_vis.tif,../json/country/australia.json,"[19104396, 1978900]"
../../dataset/dmsp/stable/F121995.v4b_web.stable_lights.avg_vis.tif,../json/country/brazil.json,"[22056902, 6737433]"
../../dataset/dmsp/stable/F121995.v4b_web.stable_lights.avg_vis.tif,../json/country/canada.json,"[42412000, 16581987]"
../../dataset/dmsp/stable/F121995.v4b_web.stable_lights.avg_vis.tif,../json/country/china.json,"[31160216, 13661477]"
../../dataset/dmsp/stable/F121995.v4b_web.stable_lights.avg_vis.tif,../json/country/france.json,"[1992927, 8245231]"
../../dataset/dmsp/stable/F121995.v4b_web.stable_lights.avg_vis.tif,../json/country/germany.json,"[1000532, 8244135]"
../../dataset/dmsp/stable/F121995.v4b_web.stable_lights.avg_vis.tif,../json/country/india.json,"[11590432, 11809796]"
../../dataset/dmsp/stable/F121995.v4b_web.stable_lights.avg_vis.tif,../json/country/indonesia.json,"[10441980, 1768047]"
../../dataset/dmsp/stable/F121995.v4b_web.stable_lights.avg_vis.tif,../json/country/iran.json,"[4053948, 4305928]"
../../dataset/dmsp/stable/F121995.v4b_web.stable_lights.avg_vis.tif,../json/country/italy.json,"[1776749, 6771339]"
../../dataset/dmsp/stable/F121995.v4b_web.stable_lights.avg_vis.tif,../json/country/japan.json,"[3376191, 7692163]"
../../dataset/dmsp/stable/F121995.v4b_web.stable_lights.avg_vis.tif,../json/country/korea.json,"[500337, 57415]"
../../dataset/dmsp/stable/F121995.v4b_web.stable_lights.avg_vis.tif,../json/country/mexico.json,"[7940298, 5174863]"
../../dataset/dmsp/stable/F121995.v4b_web.stable_lights.avg_vis.tif,../json/country/netherlands.json,"[148004, 1825046]"
../../dataset/dmsp/stable/F121995.v4b_web.stable_lights.avg_vis.tif,../json/country/russia.json,"[175525663, 28016991]"
../../dataset/dmsp/stable/F121995.v4b_web.stable_lights.avg_vis.tif,../json/country/saudiarab.json,"[4792450, 3072910]"
../../dataset/dmsp/stable/F121995.v4b_web.stable_lights.avg_vis.tif,../json/country/spain.json,"[1398941, 4689634]"
../../dataset/dmsp/stable/F121995.v4b_web.stable_lights.avg_vis.tif,../json/country/switzerland.json,"[131688, 841013]"
../../dataset/dmsp/stable/F121995.v4b_web.stable_lights.avg_vis.tif,../json/country/turkey.json,"[1708509, 2306944]"
../../dataset/dmsp/stable/F121995.v4b_web.stable_lights.avg_vis.tif,../json/country/uk.json,"[1158704, 6917584]"
../../dataset/dmsp/stable/F121995.v4b_web.stable_lights.avg_vis.tif,../json/country/usa.json,"[79178520, 66806796]"
../../dataset/dmsp/stable/F121996.v4b_web.stable_lights.avg_vis.tif,../json/country/Poland.json,"[837200, 3793730]"
../../dataset/dmsp/stable/F121996.v4b_web.stable_lights.avg_vis.tif,../json/country/Sweden.json,"[2552446, 4414582]"
../../dataset/dmsp/stable/F121996.v4b_web.stable_lights.avg_vis.tif,../json/country/australia.json,"[19104396, 1923676]"
../../dataset/dmsp/stable/F121996.v4b_web.stable_lights.avg_vis.tif,../json/country/brazil.json,"[22056902, 6863913]"
../../dataset/dmsp/stable/F121996.v4b_web.stable_lights.avg_vis.tif,../json/country/canada.json,"[42412000, 15037348]"
../../dataset/dmsp/stable/F121996.v4b_web.stable_lights.avg_vis.tif,../json/country/china.json,"[31160216, 13099616]"
../../dataset/dmsp/stable/F121996.v4b_web.stable_lights.avg_vis.tif,../json/country/france.json,"[1992927, 8201273]"
../../dataset/dmsp/stable/F121996.v4b_web.stable_lights.avg_vis.tif,../json/country/germany.json,"[1000532, 7932958]"
../../dataset/dmsp/stable/F121996.v4b_web.stable_lights.avg_vis.tif,../json/country/india.json,"[11590432, 12201137]"
../../dataset/dmsp/stable/F121996.v4b_web.stable_lights.avg_vis.tif,../json/country/indonesia.json,"[10441980, 1825001]"
../../dataset/dmsp/stable/F121996.v4b_web.stable_lights.avg_vis.tif,../json/country/iran.json,"[4053948, 4379329]"
../../dataset/dmsp/stable/F121996.v4b_web.stable_lights.avg_vis.tif,../json/country/italy.json,"[1776749, 6591333]"
../../dataset/dmsp/stable/F121996.v4b_web.stable_lights.avg_vis.tif,../json/country/japan.json,"[3376191, 7795393]"
../../dataset/dmsp/stable/F121996.v4b_web.stable_lights.avg_vis.tif,../json/country/korea.json,"[500337, 56625]"
../../dataset/dmsp/stable/F121996.v4b_web.stable_lights.avg_vis.tif,../json/country/mexico.json,"[7940298, 4896561]"
../../dataset/dmsp/stable/F121996.v4b_web.stable_lights.avg_vis.tif,../json/country/netherlands.json,"[148004, 1706444]"
../../dataset/dmsp/stable/F121996.v4b_web.stable_lights.avg_vis.tif,../json/country/russia.json,"[175525663, 27260394]"
../../dataset/dmsp/stable/F121996.v4b_web.stable_lights.avg_vis.tif,../json/country/saudiarab.json,"[4792450, 3049803]"
../../dataset/dmsp/stable/F121996.v4b_web.stable_lights.avg_vis.tif,../json/country/spain.json,"[1398941, 4615281]"
../../dataset/dmsp/stable/F121996.v4b_web.stable_lights.avg_vis.tif,../json/country/switzerland.json,"[131688, 795107]"
../../dataset/dmsp/stable/F121996.v4b_web.stable_lights.avg_vis.tif,../json/country/turkey.json,"[1708509, 2230482]"
../../dataset/dmsp/stable/F121996.v4b_web.stable_lights.avg_vis.tif,../json/country/uk.json,"[1158704, 6561697]"
../../dataset/dmsp/stable/F121996.v4b_web.stable_lights.avg_vis.tif,../json/country/usa.json,"[79178520, 67212741]"
../../dataset/dmsp/stable/F121997.v4b_web.stable_lights.avg_vis.tif,../json/country/Poland.json,"[837200, 3702582]"
../../dataset/dmsp/stable/F121997.v4b_web.stable_lights.avg_vis.tif,../json/country/Sweden.json,"[2552446, 4884032]"
../../dataset/dmsp/stable/F121997.v4b_web.stable_lights.avg_vis.tif,../json/country/australia.json,"[19104396, 1949987]"
../../dataset/dmsp/stable/F121997.v4b_web.stable_lights.avg_vis.tif,../json/country/brazil.json,"[22056902, 7341463]"
../../dataset/dmsp/stable/F121997.v4b_web.stable_lights.avg_vis.tif,../json/country/canada.json,"[42412000, 13840159]"
../../dataset/dmsp/stable/F121997.v4b_web.stable_lights.avg_vis.tif,../json/country/china.json,"[31160216, 14894352]"
../../dataset/dmsp/stable/F121997.v4b_web.stable_lights.avg_vis.tif,../json/country/france.json,"[1992927, 8993641]"
../../dataset/dmsp/stable/F121997.v4b_web.stable_lights.avg_vis.tif,../json/country/germany.json,"[1000532, 8074270]"
../../dataset/dmsp/stable/F121997.v4b_web.stable_lights.avg_vis.tif,../json/country/india.json,"[11590432, 12350502]"
../../dataset/dmsp/stable/F121997.v4b_web.stable_lights.avg_vis.tif,../json/country/indonesia.json,"[10441980, 2087828]"
../../dataset/dmsp/stable/F121997.v4b_web.stable_lights.avg_vis.tif,../json/country/iran.json,"[4053948, 4657848]"
../../dataset/dmsp/stable/F121997.v4b_web.stable_lights.avg_vis.tif,../json/country/italy.json,"[1776749, 7120871]"
../../dataset/dmsp/stable/F121997.v4b_web.stable_lights.avg_vis.tif,../json/country/japan.json,"[3376191, 7685253]"
../../dataset/dmsp/stable/F121997.v4b_web.stable_lights.avg_vis.tif,../json/country/korea.json,"[500337, 52628]"
../../dataset/dmsp/stable/F121997.v4b_web.stable_lights.avg_vis.tif,../json/country/mexico.json,"[7940298, 4862480]"
../../dataset/dmsp/stable/F121997.v4b_web.stable_lights.avg_vis.tif,../json/country/netherlands.json,"[148004, 1774569]"
../../dataset/dmsp/stable/F121997.v4b_web.stable_lights.avg_vis.tif,../json/country/russia.json,"[175525663, 30013923]"
../../dataset/dmsp/stable/F121997.v4b_web.stable_lights.avg_vis.tif,../json/country/saudiarab.json,"[4792450, 3148086]"
../../dataset/dmsp/stable/F121997.v4b_web.stable_lights.avg_vis.tif,../json/country/spain.json,"[1398941, 5066047]"
../../dataset/dmsp/stable/F121997.v4b_web.stable_lights.avg_vis.tif,../json/country/switzerland.json,"[131688, 787683]"
../../dataset/dmsp/stable/F121997.v4b_web.stable_lights.avg_vis.tif,../json/country/turkey.json,"[1708509, 2382098]"
../../dataset/dmsp/stable/F121997.v4b_web.stable_lights.avg_vis.tif,../json/country/uk.json,"[1158704, 7245570]"
../../dataset/dmsp/stable/F121997.v4b_web.stable_lights.avg_vis.tif,../json/country/usa.json,"[79178520, 66611991]"
../../dataset/dmsp/stable/F121998.v4b_web.stable_lights.avg_vis.tif,../json/country/Poland.json,"[837200, 5731373]"
../../dataset/dmsp/stable/F121998.v4b_web.stable_lights.avg_vis.tif,../json/country/Sweden.json,"[2552446, 5530512]"
../../dataset/dmsp/stable/F121998.v4b_web.stable_lights.avg_vis.tif,../json/country/australia.json,"[19104396, 2045327]"
../../dataset/dmsp/stable/F121998.v4b_web.stable_lights.avg_vis.tif,../json/country/brazil.json,"[22056902, 8052113]"
../../dataset/dmsp/stable/F121998.v4b_web.stable_lights.avg_vis.tif,../json/country/canada.json,"[42412000, 16294570]"
../../dataset/dmsp/stable/F121998.v4b_web.stable_lights.avg_vis.tif,../json/country/china.json,"[31160216, 16150004]"
../../dataset/dmsp/stable/F121998.v4b_web.stable_lights.avg_vis.tif,../json/country/france.json,"[1992927, 9158624]"
../../dataset/dmsp/stable/F121998.v4b_web.stable_lights.avg_vis.tif,../json/country/germany.json,"[1000532, 9465809]"
../../dataset/dmsp/stable/F121998.v4b_web.stable_lights.avg_vis.tif,../json/country/india.json,"[11590432, 13951830]"
../../dataset/dmsp/stable/F121998.v4b_web.stable_lights.avg_vis.tif,../json/country/indonesia.json,"[10441980, 1972045]"
../../dataset/dmsp/stable/F121998.v4b_web.stable_lights.avg_vis.tif,../json/country/iran.json,"[4053948, 5385975]"
../../dataset/dmsp/stable/F121998.v4b_web.stable_lights.avg_vis.tif,../json/country/italy.json,"[1776749, 7587999]"
../../dataset/dmsp/stable/F121998.v4b_web.stable_lights.avg_vis.tif,../json/country/japan.json,"[3376191, 8212913]"
../../dataset/dmsp/stable/F121998.v4b_web.stable_lights.avg_vis.tif,../json/country/korea.json,"[500337, 53603]"
../../dataset/dmsp/stable/F121998.v4b_web.stable_lights.avg_vis.tif,../json/country/mexico.json,"[7940298, 5539360]"
../../dataset/dmsp/stable/F121998.v4b_web.stable_lights.avg_vis.tif,../json/country/netherlands.json,"[148004, 1801624]"
../../dataset/dmsp/stable/F121998.v4b_web.stable_lights.avg_vis.tif,../json/country/russia.json,"[175525663, 33165044]"
../../dataset/dmsp/stable/F121998.v4b_web.stable_lights.avg_vis.tif,../json/country/saudiarab.json,"[4792450, 3164516]"
../../dataset/dmsp/stable/F121998.v4b_web.stable_lights.avg_vis.tif,../json/country/spain.json,"[1398941, 5334926]"
../../dataset/dmsp/stable/F121998.v4b_web.stable_lights.avg_vis.tif,../json/country/switzerland.json,"[131688, 941847]"
../../dataset/dmsp/stable/F121998.v4b_web.stable_lights.avg_vis.tif,../json/country/turkey.json,"[1708509, 2766140]"
../../dataset/dmsp/stable/F121998.v4b_web.stable_lights.avg_vis.tif,../json/country/uk.json,"[1158704, 7192790]"
../../dataset/dmsp/stable/F121998.v4b_web.stable_lights.avg_vis.tif,../json/country/usa.json,"[79178520, 66348288]"
../../dataset/dmsp/stable/F121999.v4b_web.stable_lights.avg_vis.tif,../json/country/Poland.json,"[837200, 4588111]"
../../dataset/dmsp/stable/F121999.v4b_web.stable_lights.avg_vis.tif,../json/country/Sweden.json,"[2552446, 4748043]"
../../dataset/dmsp/stable/F121999.v4b_web.stable_lights.avg_vis.tif,../json/country/australia.json,"[19104396, 1970375]"
../../dataset/dmsp/stable/F121999.v4b_web.stable_lights.avg_vis.tif,../json/country/brazil.json,"[22056902, 8345393]"
../../dataset/dmsp/stable/F121999.v4b_web.stable_lights.avg_vis.tif,../json/country/canada.json,"[42412000, 15056172]"
../../dataset/dmsp/stable/F121999.v4b_web.stable_lights.avg_vis.tif,../json/country/china.json,"[31160216, 15185605]"
../../dataset/dmsp/stable/F121999.v4b_web.stable_lights.avg_vis.tif,../json/country/france.json,"[1992927, 9581284]"
../../dataset/dmsp/stable/F121999.v4b_web.stable_lights.avg_vis.tif,../json/country/germany.json,"[1000532, 9354402]"
../../dataset/dmsp/stable/F121999.v4b_web.stable_lights.avg_vis.tif,../json/country/india.json,"[11590432, 14092100]"
../../dataset/dmsp/stable/F121999.v4b_web.stable_lights.avg_vis.tif,../json/country/indonesia.json,"[10441980, 1981117]"
../../dataset/dmsp/stable/F121999.v4b_web.stable_lights.avg_vis.tif,../json/country/iran.json,"[4053948, 4851540]"
../../dataset/dmsp/stable/F121999.v4b_web.stable_lights.avg_vis.tif,../json/country/italy.json,"[1776749, 7702577]"
../../dataset/dmsp/stable/F121999.v4b_web.stable_lights.avg_vis.tif,../json/country/japan.json,"[3376191, 8011865]"
../../dataset/dmsp/stable/F121999.v4b_web.stable_lights.avg_vis.tif,../json/country/korea.json,"[500337, 43943]"
../../dataset/dmsp/stable/F121999.v4b_web.stable_lights.avg_vis.tif,../json/country/mexico.json,"[7940298, 5697993]"
../../dataset/dmsp/stable/F121999.v4b_web.stable_lights.avg_vis.tif,../json/country/netherlands.json,"[148004, 1983223]"
../../dataset/dmsp/stable/F121999.v4b_web.stable_lights.avg_vis.tif,../json/country/russia.json,"[175525663, 26630789]"
../../dataset/dmsp/stable/F121999.v4b_web.stable_lights.avg_vis.tif,../json/country/saudiarab.json,"[4792450, 3193299]"
../../dataset/dmsp/stable/F121999.v4b_web.stable_lights.avg_vis.tif,../json/country/spain.json,"[1398941, 5423753]"
../../dataset/dmsp/stable/F121999.v4b_web.stable_lights.avg_vis.tif,../json/country/switzerland.json,"[131688, 1125361]"
../../dataset/dmsp/stable/F121999.v4b_web.stable_lights.avg_vis.tif,../json/country/turkey.json,"[1708509, 2494532]"
../../dataset/dmsp/stable/F121999.v4b_web.stable_lights.avg_vis.tif,../json/country/uk.json,"[1158704, 7319578]"
../../dataset/dmsp/stable/F121999.v4b_web.stable_lights.avg_vis.tif,../json/country/usa.json,"[79178520, 71586257]"
../../dataset/dmsp/stable/F141997.v4b_web.stable_lights.avg_vis.tif,../json/country/Poland.json,"[837200, 2747954]"
../../dataset/dmsp/stable/F141997.v4b_web.stable_lights.avg_vis.tif,../json/country/Sweden.json,"[2552446, 3459441]"
../../dataset/dmsp/stable/F141997.v4b_web.stable_lights.avg_vis.tif,../json/country/australia.json,"[19104396, 1638340]"
../../dataset/dmsp/stable/F141997.v4b_web.stable_lights.avg_vis.tif,../json/country/brazil.json,"[22056902, 6094671]"
../../dataset/dmsp/stable/F141997.v4b_web.stable_lights.avg_vis.tif,../json/country/canada.json,"[42412000, 10816665]"
../../dataset/dmsp/stable/F141997.v4b_web.stable_lights.avg_vis.tif,../json/country/china.json,"[31160216, 11299365]"
../../dataset/dmsp/stable/F141997.v4b_web.stable_lights.avg_vis.tif,../json/country/france.json,"[1992927, 7357631]"
../../dataset/dmsp/stable/F141997.v4b_web.stable_lights.avg_vis.tif,../json/country/germany.json,"[1000532, 6619532]"
../../dataset/dmsp/stable/F141997.v4b_web.stable_lights.avg_vis.tif,../json/country/india.json,"[11590432, 9026104]"
../../dataset/dmsp/stable/F141997.v4b_web.stable_lights.avg_vis.tif,../json/country/indonesia.json,"[10441980, 1626741]"
../../dataset/dmsp/stable/F141997.v4b_web.stable_lights.avg_vis.tif,../json/country/iran.json,"[4053948, 3604273]"
../../dataset/dmsp/stable/F141997.v4b_web.stable_lights.avg_vis.tif,../json/country/italy.json,"[1776749, 5395226]"
../../dataset/dmsp/stable/F141997.v4b_web.stable_lights.avg_vis.tif,../json/country/japan.json,"[3376191, 6471860]"
../../dataset/dmsp/stable/F141997.v4b_web.stable_lights.avg_vis.tif,../json/country/korea.json,"[500337, 31178]"
../../dataset/dmsp/stable/F141997.v4b_web.stable_lights.avg_vis.tif,../json/country/mexico.json,"[7940298, 4017455]"
../../dataset/dmsp/stable/F141997.v4b_web.stable_lights.avg_vis.tif,../json/country/netherlands.json,"[148004, 1456889]"
../../dataset/dmsp/stable/F141997.v4b_web.stable_lights.avg_vis.tif,../json/country/russia.json,"[175525663, 22299036]"
../../dataset/dmsp/stable/F141997.v4b_web.stable_lights.avg_vis.tif,../json/country/saudiarab.json,"[4792450, 2330935]"
../../dataset/dmsp/stable/F141997.v4b_web.stable_lights.avg_vis.tif,../json/country/spain.json,"[1398941, 3876047]"
../../dataset/dmsp/stable/F141997.v4b_web.stable_lights.avg_vis.tif,../json/country/switzerland.json,"[131688, 681562]"
../../dataset/dmsp/stable/F141997.v4b_web.stable_lights.avg_vis.tif,../json/country/turkey.json,"[1708509, 1590657]"
../../dataset/dmsp/stable/F141997.v4b_web.stable_lights.avg_vis.tif,../json/country/uk.json,"[1158704, 5833105]"
../../dataset/dmsp/stable/F141997.v4b_web.stable_lights.avg_vis.tif,../json/country/usa.json,"[79178520, 54934650]"
../../dataset/dmsp/stable/F141998.v4b_web.stable_lights.avg_vis.tif,../json/country/Poland.json,"[837200, 4495988]"
../../dataset/dmsp/stable/F141998.v4b_web.stable_lights.avg_vis.tif,../json/country/Sweden.json,"[2552446, 4059308]"
../../dataset/dmsp/stable/F141998.v4b_web.stable_lights.avg_vis.tif,../json/country/australia.json,"[19104396, 1696043]"
../../dataset/dmsp/stable/F141998.v4b_web.stable_lights.avg_vis.tif,../json/country/brazil.json,"[22056902, 6250005]"
../../dataset/dmsp/stable/F141998.v4b_web.stable_lights.avg_vis.tif,../json/country/canada.json,"[42412000, 12396249]"
../../dataset/dmsp/stable/F141998.v4b_web.stable_lights.avg_vis.tif,../json/country/china.json,"[31160216, 12725229]"
../../dataset/dmsp/stable/F141998.v4b_web.stable_lights.avg_vis.tif,../json/country/france.json,"[1992927, 7251402]"
../../dataset/dmsp/stable/F141998.v4b_web.stable_lights.avg_vis.tif,../json/country/germany.json,"[1000532, 7656008]"
../../dataset/dmsp/stable/F141998.v4b_web.stable_lights.avg_vis.tif,../json/country/india.json,"[11590432, 10371447]"
../../dataset/dmsp/stable/F141998.v4b_web.stable_lights.avg_vis.tif,../json/country/indonesia.json,"[10441980, 1534290]"
../../dataset/dmsp/stable/F141998.v4b_web.stable_lights.avg_vis.tif,../json/country/iran.json,"[4053948, 3959479]"
../../dataset/dmsp/stable/F141998.v4b_web.stable_lights.avg_vis.tif,../json/country/italy.json,"[1776749, 5959886]"
../../dataset/dmsp/stable/F141998.v4b_web.stable_lights.avg_vis.tif,../json/country/japan.json,"[3376191, 6936905]"
../../dataset/dmsp/stable/F141998.v4b_web.stable_lights.avg_vis.tif,../json/country/korea.json,"[500337, 43778]"
../../dataset/dmsp/stable/F141998.v4b_web.stable_lights.avg_vis.tif,../json/country/mexico.json,"[7940298, 4320994]"
../../dataset/dmsp/stable/F141998.v4b_web.stable_lights.avg_vis.tif,../json/country/netherlands.json,"[148004, 1511421]"
../../dataset/dmsp/stable/F141998.v4b_web.stable_lights.avg_vis.tif,../json/country/russia.json,"[175525663, 23755059]"
../../dataset/dmsp/stable/F141998.v4b_web.stable_lights.avg_vis.tif,../json/country/saudiarab.json,"[4792450, 2421074]"
../../dataset/dmsp/stable/F141998.v4b_web.stable_lights.avg_vis.tif,../json/country/spain.json,"[1398941, 4173204]"
../../dataset/dmsp/stable/F141998.v4b_web.stable_lights.avg_vis.tif,../json/country/switzerland.json,"[131688, 821398]"
../../dataset/dmsp/stable/F141998.v4b_web.stable_lights.avg_vis.tif,../json/country/turkey.json,"[1708509, 2025245]"
../../dataset/dmsp/stable/F141998.v4b_web.stable_lights.avg_vis.tif,../json/country/uk.json,"[1158704, 5777741]"
../../dataset/dmsp/stable/F141998.v4b_web.stable_lights.avg_vis.tif,../json/country/usa.json,"[79178520, 56935446]"
../../dataset/dmsp/stable/F141999.v4b_web.stable_lights.avg_vis.tif,../json/country/Poland.json,"[837200, 3923515]"
../../dataset/dmsp/stable/F141999.v4b_web.stable_lights.avg_vis.tif,../json/country/Sweden.json,"[2552446, 4077407]"
../../dataset/dmsp/stable/F141999.v4b_web.stable_lights.avg_vis.tif,../json/country/australia.json,"[19104396, 1727487]"
../../dataset/dmsp/stable/F141999.v4b_web.stable_lights.avg_vis.tif,../json/country/brazil.json,"[22056902, 6685080]"
../../dataset/dmsp/stable/F141999.v4b_web.stable_lights.avg_vis.tif,../json/country/canada.json,"[42412000, 12214496]"
../../dataset/dmsp/stable/F141999.v4b_web.stable_lights.avg_vis.tif,../json/country/china.json,"[31160216, 12752888]"
../../dataset/dmsp/stable/F141999.v4b_web.stable_lights.avg_vis.tif,../json/country/france.json,"[1992927, 7628357]"
../../dataset/dmsp/stable/F141999.v4b_web.stable_lights.avg_vis.tif,../json/country/germany.json,"[1000532, 7367131]"
../../dataset/dmsp/stable/F141999.v4b_web.stable_lights.avg_vis.tif,../json/country/india.json,"[11590432, 10653804]"
../../dataset/dmsp/stable/F141999.v4b_web.stable_lights.avg_vis.tif,../json/country/indonesia.json,"[10441980, 1613858]"
../../dataset/dmsp/stable/F141999.v4b_web.stable_lights.avg_vis.tif,../json/country/iran.json,"[4053948, 4144854]"
../../dataset/dmsp/stable/F141999.v4b_web.stable_lights.avg_vis.tif,../json/country/italy.json,"[1776749, 6164579]"
../../dataset/dmsp/stable/F141999.v4b_web.stable_lights.avg_vis.tif,../json/country/japan.json,"[3376191, 6963570]"
../../dataset/dmsp/stable/F141999.v4b_web.stable_lights.avg_vis.tif,../json/country/korea.json,"[500337, 39936]"
../../dataset/dmsp/stable/F141999.v4b_web.stable_lights.avg_vis.tif,../json/country/mexico.json,"[7940298, 4633360]"
../../dataset/dmsp/stable/F141999.v4b_web.stable_lights.avg_vis.tif,../json/country/netherlands.json,"[148004, 1589656]"
../../dataset/dmsp/stable/F141999.v4b_web.stable_lights.avg_vis.tif,../json/country/russia.json,"[175525663, 21705379]"
../../dataset/dmsp/stable/F141999.v4b_web.stable_lights.avg_vis.tif,../json/country/saudiarab.json,"[4792450, 2597612]"
../../dataset/dmsp/stable/F141999.v4b_web.stable_lights.avg_vis.tif,../json/country/spain.json,"[1398941, 4431633]"
../../dataset/dmsp/stable/F141999.v4b_web.stable_lights.avg_vis.tif,../json/country/switzerland.json,"[131688, 836693]"
../../dataset/dmsp/stable/F141999.v4b_web.stable_lights.avg_vis.tif,../json/country/turkey.json,"[1708509, 2234995]"
../../dataset/dmsp/stable/F141999.v4b_web.stable_lights.avg_vis.tif,../json/country/uk.json,"[1158704, 6268475]"
../../dataset/dmsp/stable/F141999.v4b_web.stable_lights.avg_vis.tif,../json/country/usa.json,"[79178520, 59863140]"
../../dataset/dmsp/stable/F142000.v4b_web.stable_lights.avg_vis.tif,../json/country/Poland.json,"[837200, 3854660]"
../../dataset/dmsp/stable/F142000.v4b_web.stable_lights.avg_vis.tif,../json/country/Sweden.json,"[2552446, 3054567]"
../../dataset/dmsp/stable/F142000.v4b_web.stable_lights.avg_vis.tif,../json/country/australia.json,"[19104396, 1766157]"
../../dataset/dmsp/stable/F142000.v4b_web.stable_lights.avg_vis.tif,../json/country/brazil.json,"[22056902, 7021236]"
../../dataset/dmsp/stable/F142000.v4b_web.stable_lights.avg_vis.tif,../json/country/canada.json,"[42412000, 13036904]"
../../dataset/dmsp/stable/F142000.v4b_web.stable_lights.avg_vis.tif,../json/country/china.json,"[31160216, 13599486]"
../../dataset/dmsp/stable/F142000.v4b_web.stable_lights.avg_vis.tif,../json/country/france.json,"[1992927, 8037124]"
../../dataset/dmsp/stable/F142000.v4b_web.stable_lights.avg_vis.tif,../json/country/germany.json,"[1000532, 7583679]"
../../dataset/dmsp/stable/F142000.v4b_web.stable_lights.avg_vis.tif,../json/country/india.json,"[11590432, 11568151]"
../../dataset/dmsp/stable/F142000.v4b_web.stable_lights.avg_vis.tif,../json/country/indonesia.json,"[10441980, 1700321]"
../../dataset/dmsp/stable/F142000.v4b_web.stable_lights.avg_vis.tif,../json/country/iran.json,"[4053948, 4356573]"
../../dataset/dmsp/stable/F142000.v4b_web.stable_lights.avg_vis.tif,../json/country/italy.json,"[1776749, 6487003]"
../../dataset/dmsp/stable/F142000.v4b_web.stable_lights.avg_vis.tif,../json/country/japan.json,"[3376191, 7127266]"
../../dataset/dmsp/stable/F142000.v4b_web.stable_lights.avg_vis.tif,../json/country/korea.json,"[500337, 42900]"
../../dataset/dmsp/stable/F142000.v4b_web.stable_lights.avg_vis.tif,../json/country/mexico.json,"[7940298, 4971938]"
../../dataset/dmsp/stable/F142000.v4b_web.stable_lights.avg_vis.tif,../json/country/netherlands.json,"[148004, 1734364]"
../../dataset/dmsp/stable/F142000.v4b_web.stable_lights.avg_vis.tif,../json/country/russia.json,"[175525663, 25934797]"
../../dataset/dmsp/stable/F142000.v4b_web.stable_lights.avg_vis.tif,../json/country/saudiarab.json,"[4792450, 2828104]"
../../dataset/dmsp/stable/F142000.v4b_web.stable_lights.avg_vis.tif,../json/country/spain.json,"[1398941, 4647046]"
../../dataset/dmsp/stable/F142000.v4b_web.stable_lights.avg_vis.tif,../json/country/switzerland.json,"[131688, 841277]"
../../dataset/dmsp/stable/F142000.v4b_web.stable_lights.avg_vis.tif,../json/country/turkey.json,"[1708509, 2510846]"
../../dataset/dmsp/stable/F142000.v4b_web.stable_lights.avg_vis.tif,../json/country/uk.json,"[1158704, 6179732]"
../../dataset/dmsp/stable/F142000.v4b_web.stable_lights.avg_vis.tif,../json/country/usa.json,"[79178520, 67382150]"
../../dataset/dmsp/stable/F142001.v4b_web.stable_lights.avg_vis.tif,../json/country/Poland.json,"[837200, 4591876]"
../../dataset/dmsp/stable/F142001.v4b_web.stable_lights.avg_vis.tif,../json/country/Sweden.json,"[2552446, 2473405]"
../../dataset/dmsp/stable/F142001.v4b_web.stable_lights.avg_vis.tif,../json/country/australia.json,"[19104396, 1823390]"
../../dataset/dmsp/stable/F142001.v4b_web.stable_lights.avg_vis.tif,../json/country/brazil.json,"[22056902, 6254230]"
../../dataset/dmsp/stable/F142001.v4b_web.stable_lights.avg_vis.tif,../json/country/canada.json,"[42412000, 11877349]"
../../dataset/dmsp/stable/F142001.v4b_web.stable_lights.avg_vis.tif,../json/country/china.json,"[31160216, 14738043]"
../../dataset/dmsp/stable/F142001.v4b_web.stable_lights.avg_vis.tif,../json/country/france.json,"[1992927, 8454595]"
../../dataset/dmsp/stable/F142001.v4b_web.stable_lights.avg_vis.tif,../json/country/germany.json,"[1000532, 7564387]"
../../dataset/dmsp/stable/F142001.v4b_web.stable_lights.avg_vis.tif,../json/country/india.json,"[11590432, 11795626]"
../../dataset/dmsp/stable/F142001.v4b_web.stable_lights.avg_vis.tif,../json/country/indonesia.json,"[10441980, 1816608]"
../../dataset/dmsp/stable/F142001.v4b_web.stable_lights.avg_vis.tif,../json/country/iran.json,"[4053948, 4444427]"
../../dataset/dmsp/stable/F142001.v4b_web.stable_lights.avg_vis.tif,../json/country/italy.json,"[1776749, 6726879]"
../../dataset/dmsp/stable/F142001.v4b_web.stable_lights.avg_vis.tif,../json/country/japan.json,"[3376191, 7429390]"
../../dataset/dmsp/stable/F142001.v4b_web.stable_lights.avg_vis.tif,../json/country/korea.json,"[500337, 53156]"
../../dataset/dmsp/stable/F142001.v4b_web.stable_lights.avg_vis.tif,../json/country/mexico.json,"[7940298, 4974369]"
../../dataset/dmsp/stable/F142001.v4b_web.stable_lights.avg_vis.tif,../json/country/netherlands.json,"[148004, 1630495]"
../../dataset/dmsp/stable/F142001.v4b_web.stable_lights.avg_vis.tif,../json/country/russia.json,"[175525663, 23201644]"
../../dataset/dmsp/stable/F142001.v4b_web.stable_lights.avg_vis.tif,../json/country/saudiarab.json,"[4792450, 2834073]"
../../dataset/dmsp/stable/F142001.v4b_web.stable_lights.avg_vis.tif,../json/country/spain.json,"[1398941, 4888294]"
../../dataset/dmsp/stable/F142001.v4b_web.stable_lights.avg_vis.tif,../json/country/switzerland.json,"[131688, 811935]"
../../dataset/dmsp/stable/F142001.v4b_web.stable_lights.avg_vis.tif,../json/country/turkey.json,"[1708509, 2010509]"
../../dataset/dmsp/stable/F142001.v4b_web.stable_lights.avg_vis.tif,../json/country/uk.json,"[1158704, 6238907]"
../../dataset/dmsp/stable/F142001.v4b_web.stable_lights.avg_vis.tif,../json/country/usa.json,"[79178520, 61213277]"
../../dataset/dmsp/stable/F142002.v4b_web.stable_lights.avg_vis.tif,../json/country/Poland.json,"[837200, 5620021]"
../../dataset/dmsp/stable/F142002.v4b_web.stable_lights.avg_vis.tif,../json/country/Sweden.json,"[2552446, 990120]"
../../dataset/dmsp/stable/F142002.v4b_web.stable_lights.avg_vis.tif,../json/country/australia.json,"[19104396, 1900228]"
../../dataset/dmsp/stable/F142002.v4b_web.stable_lights.avg_vis.tif,../json/country/brazil.json,"[22056902, 6727711]"
../../dataset/dmsp/stable/F142002.v4b_web.stable_lights.avg_vis.tif,../json/country/canada.json,"[42412000, 12072549]"
../../dataset/dmsp/stable/F142002.v4b_web.stable_lights.avg_vis.tif,../json/country/china.json,"[31160216, 15631848]"
../../dataset/dmsp/stable/F142002.v4b_web.stable_lights.avg_vis.tif,../json/country/france.json,"[1992927, 8163628]"
../../dataset/dmsp/stable/F142002.v4b_web.stable_lights.avg_vis.tif,../json/country/germany.json,"[1000532, 8248431]"
../../dataset/dmsp/stable/F142002.v4b_web.stable_lights.avg_vis.tif,../json/country/india.json,"[11590432, 12038204]"
../../dataset/dmsp/stable/F142002.v4b_web.stable_lights.avg_vis.tif,../json/country/indonesia.json,"[10441980, 1829930]"
../../dataset/dmsp/stable/F142002.v4b_web.stable_lights.avg_vis.tif,../json/country/iran.json,"[4053948, 4597192]"
../../dataset/dmsp/stable/F142002.v4b_web.stable_lights.avg_vis.tif,../json/country/italy.json,"[1776749, 7162291]"
../../dataset/dmsp/stable/F142002.v4b_web.stable_lights.avg_vis.tif,../json/country/japan.json,"[3376191, 7184412]"
../../dataset/dmsp/stable/F142002.v4b_web.stable_lights.avg_vis.tif,../json/country/korea.json,"[500337, 40966]"
../../dataset/dmsp/stable/F142002.v4b_web.stable_lights.avg_vis.tif,../json/country/mexico.json,"[7940298, 4802580]"
../../dataset/dmsp/stable/F142002.v4b_web.stable_lights.avg_vis.tif,../json/country/netherlands.json,"[148004, 1603998]"
../../dataset/dmsp/stable/F142002.v4b_web.stable_lights.avg_vis.tif,../json/country/russia.json,"[175525663, 16695991]"
../../dataset/dmsp/stable/F142002.v4b_web.stable_lights.avg_vis.tif,../json/country/saudiarab.json,"[4792450, 2941938]"
../../dataset/dmsp/stable/F142002.v4b_web.stable_lights.avg_vis.tif,../json/country/spain.json,"[1398941, 4890271]"
../../dataset/dmsp/stable/F142002.v4b_web.stable_lights.avg_vis.tif,../json/country/switzerland.json,"[131688, 836703]"
../../dataset/dmsp/stable/F142002.v4b_web.stable_lights.avg_vis.tif,../json/country/turkey.json,"[1708509, 2373445]"
../../dataset/dmsp/stable/F142002.v4b_web.stable_lights.avg_vis.tif,../json/country/uk.json,"[1158704, 5568048]"
../../dataset/dmsp/stable/F142002.v4b_web.stable_lights.avg_vis.tif,../json/country/usa.json,"[79178520, 61239545]"
../../dataset/dmsp/stable/F142003.v4b_web.stable_lights.avg_vis.tif,../json/country/Poland.json,"[837200, 4106262]"
../../dataset/dmsp/stable/F142003.v4b_web.stable_lights.avg_vis.tif,../json/country/Sweden.json,"[2552446, 3493904]"
../../dataset/dmsp/stable/F142003.v4b_web.stable_lights.avg_vis.tif,../json/country/australia.json,"[19104396, 1790503]"
../../dataset/dmsp/stable/F142003.v4b_web.stable_lights.avg_vis.tif,../json/country/brazil.json,"[22056902, 6751257]"
../../dataset/dmsp/stable/F142003.v4b_web.stable_lights.avg_vis.tif,../json/country/canada.json,"[42412000, 10996816]"
../../dataset/dmsp/stable/F142003.v4b_web.stable_lights.avg_vis.tif,../json/country/china.json,"[31160216, 17040516]"
../../dataset/dmsp/stable/F142003.v4b_web.stable_lights.avg_vis.tif,../json/country/france.json,"[1992927, 8735211]"
../../dataset/dmsp/stable/F142003.v4b_web.stable_lights.avg_vis.tif,../json/country/germany.json,"[1000532, 7771501]"
../../dataset/dmsp/stable/F142003.v4b_web.stable_lights.avg_vis.tif,../json/country/india.json,"[11590432, 11208899]"
../../dataset/dmsp/stable/F142003.v4b_web.stable_lights.avg_vis.tif,../json/country/indonesia.json,"[10441980, 1717220]"
../../dataset/dmsp/stable/F142003.v4b_web.stable_lights.avg_vis.tif,../json/country/iran.json,"[4053948, 5266279]"
../../dataset/dmsp/stable/F142003.v4b_web.stable_lights.avg_vis.tif,../json/country/italy.json,"[1776749, 7119589]"
../../dataset/dmsp/stable/F142003.v4b_web.stable_lights.avg_vis.tif,../json/country/japan.json,"[3376191, 7100312]"
../../dataset/dmsp/stable/F142003.v4b_web.stable_lights.avg_vis.tif,../json/country/korea.json,"[500337, 36615]"
../../dataset/dmsp/stable/F142003.v4b_web.stable_lights.avg_vis.tif,../json/country/mexico.json,"[7940298, 4863506]"
../../dataset/dmsp/stable/F142003.v4b_web.stable_lights.avg_vis.tif,../json/country/netherlands.json,"[148004, 1674516]"
../../dataset/dmsp/stable/F142003.v4b_web.stable_lights.avg_vis.tif,../json/country/russia.json,"[175525663, 24383656]"
../../dataset/dmsp/stable/F142003.v4b_web.stable_lights.avg_vis.tif,../json/country/saudiarab.json,"[4792450, 3257284]"
../../dataset/dmsp/stable/F142003.v4b_web.stable_lights.avg_vis.tif,../json/country/spain.json,"[1398941, 4902920]"
../../dataset/dmsp/stable/F142003.v4b_web.stable_lights.avg_vis.tif,../json/country/switzerland.json,"[131688, 949897]"
../../dataset/dmsp/stable/F142003.v4b_web.stable_lights.avg_vis.tif,../json/country/turkey.json,"[1708509, 2133294]"
../../dataset/dmsp/stable/F142003.v4b_web.stable_lights.avg_vis.tif,../json/country/uk.json,"[1158704, 6370346]"
../../dataset/dmsp/stable/F142003.v4b_web.stable_lights.avg_vis.tif,../json/country/usa.json,"[79178520, 58917907]"
../../dataset/dmsp/stable/F152000.v4b_web.stable_lights.avg_vis.tif,../json/country/Poland.json,"[837200, 4429212]"
../../dataset/dmsp/stable/F152000.v4b_web.stable_lights.avg_vis.tif,../json/country/Sweden.json,"[2552446, 4517409]"
../../dataset/dmsp/stable/F152000.v4b_web.stable_lights.avg_vis.tif,../json/country/australia.json,"[19104396, 2107969]"
../../dataset/dmsp/stable/F152000.v4b_web.stable_lights.avg_vis.tif,../json/country/brazil.json,"[22056902, 8415013]"
../../dataset/dmsp/stable/F152000.v4b_web.stable_lights.avg_vis.tif,../json/country/canada.json,"[42412000, 15596585]"
../../dataset/dmsp/stable/F152000.v4b_web.stable_lights.avg_vis.tif,../json/country/china.json,"[31160216, 17206955]"
../../dataset/dmsp/stable/F152000.v4b_web.stable_lights.avg_vis.tif,../json/country/france.json,"[1992927, 9357884]"
../../dataset/dmsp/stable/F152000.v4b_web.stable_lights.avg_vis.tif,../json/country/germany.json,"[1000532, 8400074]"
../../dataset/dmsp/stable/F152000.v4b_web.stable_lights.avg_vis.tif,../json/country/india.json,"[11590432, 14873074]"
../../dataset/dmsp/stable/F152000.v4b_web.stable_lights.avg_vis.tif,../json/country/indonesia.json,"[10441980, 2198270]"
../../dataset/dmsp/stable/F152000.v4b_web.stable_lights.avg_vis.tif,../json/country/iran.json,"[4053948, 5754916]"
../../dataset/dmsp/stable/F152000.v4b_web.stable_lights.avg_vis.tif,../json/country/italy.json,"[1776749, 7722390]"
../../dataset/dmsp/stable/F152000.v4b_web.stable_lights.avg_vis.tif,../json/country/japan.json,"[3376191, 8046570]"
../../dataset/dmsp/stable/F152000.v4b_web.stable_lights.avg_vis.tif,../json/country/korea.json,"[500337, 59133]"
../../dataset/dmsp/stable/F152000.v4b_web.stable_lights.avg_vis.tif,../json/country/mexico.json,"[7940298, 6094884]"
../../dataset/dmsp/stable/F152000.v4b_web.stable_lights.avg_vis.tif,../json/country/netherlands.json,"[148004, 1761553]"
../../dataset/dmsp/stable/F152000.v4b_web.stable_lights.avg_vis.tif,../json/country/russia.json,"[175525663, 32603241]"
../../dataset/dmsp/stable/F152000.v4b_web.stable_lights.avg_vis.tif,../json/country/saudiarab.json,"[4792450, 3518898]"
../../dataset/dmsp/stable/F152000.v4b_web.stable_lights.avg_vis.tif,../json/country/spain.json,"[1398941, 5773240]"
../../dataset/dmsp/stable/F152000.v4b_web.stable_lights.avg_vis.tif,../json/country/switzerland.json,"[131688, 966001]"
../../dataset/dmsp/stable/F152000.v4b_web.stable_lights.avg_vis.tif,../json/country/turkey.json,"[1708509, 3372153]"
../../dataset/dmsp/stable/F152000.v4b_web.stable_lights.avg_vis.tif,../json/country/uk.json,"[1158704, 7220594]"
../../dataset/dmsp/stable/F152000.v4b_web.stable_lights.avg_vis.tif,../json/country/usa.json,"[79178520, 75873951]"
