../dataset/dmsp/stable/F152001.v4b_web.stable_lights.avg_vis.tif,y/brazil,7375028
../dataset/dmsp/stable/F152001.v4b_web.stable_lights.avg_vis.tif,y/canada,15046212
../dataset/dmsp/stable/F152001.v4b_web.stable_lights.avg_vis.tif,y/china,17238315
../dataset/dmsp/stable/F152001.v4b_web.stable_lights.avg_vis.tif,y/france,9521322
../dataset/dmsp/stable/F152001.v4b_web.stable_lights.avg_vis.tif,y/germany,8366283
../dataset/dmsp/stable/F152001.v4b_web.stable_lights.avg_vis.tif,y/india,15019196
../dataset/dmsp/stable/F152001.v4b_web.stable_lights.avg_vis.tif,y/italy,7762687
../dataset/dmsp/stable/F152001.v4b_web.stable_lights.avg_vis.tif,y/japan,7936560
../dataset/dmsp/stable/F152001.v4b_web.stable_lights.avg_vis.tif,y/korea,61583
../dataset/dmsp/stable/F152001.v4b_web.stable_lights.avg_vis.tif,y/mexico,5955616
../dataset/dmsp/stable/F152001.v4b_web.stable_lights.avg_vis.tif,y/russia,32512746
../dataset/dmsp/stable/F152001.v4b_web.stable_lights.avg_vis.tif,y/saudiarab,3543119
../dataset/dmsp/stable/F152001.v4b_web.stable_lights.avg_vis.tif,y/uk,6896599
../dataset/dmsp/stable/F152001.v4b_web.stable_lights.avg_vis.tif,y/usa,68992379
../dataset/dmsp/stable/F152001.v4b_web.stable_lights.avg_vis.tif,y/indonesia,2294564
../dataset/dmsp/stable/F152001.v4b_web.stable_lights.avg_vis.tif,y/iran,5525403
../dataset/dmsp/stable/F152001.v4b_web.stable_lights.avg_vis.tif,y/spain,5532910
../dataset/dmsp/stable/F152001.v4b_web.stable_lights.avg_vis.tif,y/turkey,2655121
../dataset/dmsp/stable/F152002.v4b_web.stable_lights.avg_vis.tif,y/brazil,7911968
../dataset/dmsp/stable/F152002.v4b_web.stable_lights.avg_vis.tif,y/canada,14525303
../dataset/dmsp/stable/F152002.v4b_web.stable_lights.avg_vis.tif,y/china,19730331
../dataset/dmsp/stable/F152002.v4b_web.stable_lights.avg_vis.tif,y/france,9598619
../dataset/dmsp/stable/F152002.v4b_web.stable_lights.avg_vis.tif,y/germany,8538391
../dataset/dmsp/stable/F152002.v4b_web.stable_lights.avg_vis.tif,y/india,15069918
../dataset/dmsp/stable/F152002.v4b_web.stable_lights.avg_vis.tif,y/italy,7919570
../dataset/dmsp/stable/F152002.v4b_web.stable_lights.avg_vis.tif,y/japan,7847034
../dataset/dmsp/stable/F152002.v4b_web.stable_lights.avg_vis.tif,y/korea,53368
../dataset/dmsp/stable/F152002.v4b_web.stable_lights.avg_vis.tif,y/mexico,6161213
../dataset/dmsp/stable/F152002.v4b_web.stable_lights.avg_vis.tif,y/russia,32463669
../dataset/dmsp/stable/F152002.v4b_web.stable_lights.avg_vis.tif,y/saudiarab,3801761
../dataset/dmsp/stable/F152002.v4b_web.stable_lights.avg_vis.tif,y/uk,6710566
../dataset/dmsp/stable/F152002.v4b_web.stable_lights.avg_vis.tif,y/usa,70584310
../dataset/dmsp/stable/F152002.v4b_web.stable_lights.avg_vis.tif,y/indonesia,2400792
../dataset/dmsp/stable/F152002.v4b_web.stable_lights.avg_vis.tif,y/iran,6058042
../dataset/dmsp/stable/F152002.v4b_web.stable_lights.avg_vis.tif,y/spain,6010309
../dataset/dmsp/stable/F152002.v4b_web.stable_lights.avg_vis.tif,y/turkey,3048636
../dataset/dmsp/stable/F152003.v4b_web.stable_lights.avg_vis.tif,y/brazil,6032486
../dataset/dmsp/stable/F152003.v4b_web.stable_lights.avg_vis.tif,y/canada,10645204
../dataset/dmsp/stable/F152003.v4b_web.stable_lights.avg_vis.tif,y/china,15120020
../dataset/dmsp/stable/F152003.v4b_web.stable_lights.avg_vis.tif,y/france,7208228
../dataset/dmsp/stable/F152003.v4b_web.stable_lights.avg_vis.tif,y/germany,6282126
../dataset/dmsp/stable/F152003.v4b_web.stable_lights.avg_vis.tif,y/india,9885964
../dataset/dmsp/stable/F152003.v4b_web.stable_lights.avg_vis.tif,y/italy,6303255
../dataset/dmsp/stable/F152003.v4b_web.stable_lights.avg_vis.tif,y/japan,5996683
../dataset/dmsp/stable/F152003.v4b_web.stable_lights.avg_vis.tif,y/korea,41204
../dataset/dmsp/stable/F152003.v4b_web.stable_lights.avg_vis.tif,y/mexico,4546341
../dataset/dmsp/stable/F152003.v4b_web.stable_lights.avg_vis.tif,y/russia,22177507
../dataset/dmsp/stable/F152003.v4b_web.stable_lights.avg_vis.tif,y/saudiarab,3010210
../dataset/dmsp/stable/F152003.v4b_web.stable_lights.avg_vis.tif,y/uk,5490902
../dataset/dmsp/stable/F152003.v4b_web.stable_lights.avg_vis.tif,y/usa,55697009
../dataset/dmsp/stable/F152003.v4b_web.stable_lights.avg_vis.tif,y/indonesia,1689443
../dataset/dmsp/stable/F152003.v4b_web.stable_lights.avg_vis.tif,y/iran,4685391
../dataset/dmsp/stable/F152003.v4b_web.stable_lights.avg_vis.tif,y/spain,4498113
../dataset/dmsp/stable/F152003.v4b_web.stable_lights.avg_vis.tif,y/turkey,2019018
../dataset/dmsp/stable/F152004.v4b_web.stable_lights.avg_vis.tif,y/brazil,6180149
../dataset/dmsp/stable/F152004.v4b_web.stable_lights.avg_vis.tif,y/canada,10649123
../dataset/dmsp/stable/F152004.v4b_web.stable_lights.avg_vis.tif,y/china,16719564
../dataset/dmsp/stable/F152004.v4b_web.stable_lights.avg_vis.tif,y/france,7186483
../dataset/dmsp/stable/F152004.v4b_web.stable_lights.avg_vis.tif,y/germany,6095390
../dataset/dmsp/stable/F152004.v4b_web.stable_lights.avg_vis.tif,y/india,10116048
../dataset/dmsp/stable/F152004.v4b_web.stable_lights.avg_vis.tif,y/italy,6338859
../dataset/dmsp/stable/F152004.v4b_web.stable_lights.avg_vis.tif,y/japan,6170102
../dataset/dmsp/stable/F152004.v4b_web.stable_lights.avg_vis.tif,y/korea,44363
../dataset/dmsp/stable/F152004.v4b_web.stable_lights.avg_vis.tif,y/mexico,4419193
../dataset/dmsp/stable/F152004.v4b_web.stable_lights.avg_vis.tif,y/russia,24229115
../dataset/dmsp/stable/F152004.v4b_web.stable_lights.avg_vis.tif,y/saudiarab,3119293
../dataset/dmsp/stable/F152004.v4b_web.stable_lights.avg_vis.tif,y/uk,5524064
../dataset/dmsp/stable/F152004.v4b_web.stable_lights.avg_vis.tif,y/usa,54566137
../dataset/dmsp/stable/F152004.v4b_web.stable_lights.avg_vis.tif,y/indonesia,1687671
../dataset/dmsp/stable/F152004.v4b_web.stable_lights.avg_vis.tif,y/iran,4960727
../dataset/dmsp/stable/F152004.v4b_web.stable_lights.avg_vis.tif,y/spain,4710265
../dataset/dmsp/stable/F152004.v4b_web.stable_lights.avg_vis.tif,y/turkey,2366239
../dataset/dmsp/stable/F152005.v4b_web.stable_lights.avg_vis.tif,y/brazil,6658922
../dataset/dmsp/stable/F152005.v4b_web.stable_lights.avg_vis.tif,y/canada,10520020
../dataset/dmsp/stable/F152005.v4b_web.stable_lights.avg_vis.tif,y/china,17940748
../dataset/dmsp/stable/F152005.v4b_web.stable_lights.avg_vis.tif,y/france,7741674
../dataset/dmsp/stable/F152005.v4b_web.stable_lights.avg_vis.tif,y/germany,7284505
../dataset/dmsp/stable/F152005.v4b_web.stable_lights.avg_vis.tif,y/india,10391288
../dataset/dmsp/stable/F152005.v4b_web.stable_lights.avg_vis.tif,y/italy,6895321
../dataset/dmsp/stable/F152005.v4b_web.stable_lights.avg_vis.tif,y/japan,6626839
../dataset/dmsp/stable/F152005.v4b_web.stable_lights.avg_vis.tif,y/korea,42363
../dataset/dmsp/stable/F152005.v4b_web.stable_lights.avg_vis.tif,y/mexico,4801987
../dataset/dmsp/stable/F152005.v4b_web.stable_lights.avg_vis.tif,y/russia,25101077
../dataset/dmsp/stable/F152005.v4b_web.stable_lights.avg_vis.tif,y/saudiarab,3284478
../dataset/dmsp/stable/F152005.v4b_web.stable_lights.avg_vis.tif,y/uk,5637496
../dataset/dmsp/stable/F152005.v4b_web.stable_lights.avg_vis.tif,y/usa,55985093
../dataset/dmsp/stable/F152005.v4b_web.stable_lights.avg_vis.tif,y/indonesia,1655848
../dataset/dmsp/stable/F152005.v4b_web.stable_lights.avg_vis.tif,y/iran,5493265
../dataset/dmsp/stable/F152005.v4b_web.stable_lights.avg_vis.tif,y/spain,4950131
../dataset/dmsp/stable/F152005.v4b_web.stable_lights.avg_vis.tif,y/turkey,2272360
../dataset/dmsp/stable/F152006.v4b_web.stable_lights.avg_vis.tif,y/brazil,6844418
../dataset/dmsp/stable/F152006.v4b_web.stable_lights.avg_vis.tif,y/canada,10175789
../dataset/dmsp/stable/F152006.v4b_web.stable_lights.avg_vis.tif,y/china,19171982
../dataset/dmsp/stable/F152006.v4b_web.stable_lights.avg_vis.tif,y/france,7756495
../dataset/dmsp/stable/F152006.v4b_web.stable_lights.avg_vis.tif,y/germany,6874956
../dataset/dmsp/stable/F152006.v4b_web.stable_lights.avg_vis.tif,y/india,10627528
../dataset/dmsp/stable/F152006.v4b_web.stable_lights.avg_vis.tif,y/italy,6585588
../dataset/dmsp/stable/F152006.v4b_web.stable_lights.avg_vis.tif,y/japan,6547439
../dataset/dmsp/stable/F152006.v4b_web.stable_lights.avg_vis.tif,y/korea,39134
../dataset/dmsp/stable/F152006.v4b_web.stable_lights.avg_vis.tif,y/mexico,4786886
../dataset/dmsp/stable/F152006.v4b_web.stable_lights.avg_vis.tif,y/russia,24786131
../dataset/dmsp/stable/F152006.v4b_web.stable_lights.avg_vis.tif,y/saudiarab,3385142
../dataset/dmsp/stable/F152006.v4b_web.stable_lights.avg_vis.tif,y/uk,5453708
../dataset/dmsp/stable/F152006.v4b_web.stable_lights.avg_vis.tif,y/usa,54511794
../dataset/dmsp/stable/F152006.v4b_web.stable_lights.avg_vis.tif,y/indonesia,1688213
../dataset/dmsp/stable/F152006.v4b_web.stable_lights.avg_vis.tif,y/iran,5589311
../dataset/dmsp/stable/F152006.v4b_web.stable_lights.avg_vis.tif,y/spain,4907042
../dataset/dmsp/stable/F152006.v4b_web.stable_lights.avg_vis.tif,y/turkey,2380527
../dataset/dmsp/stable/F152007.v4b_web.stable_lights.avg_vis.tif,y/brazil,6944987
../dataset/dmsp/stable/F152007.v4b_web.stable_lights.avg_vis.tif,y/canada,12196495
../dataset/dmsp/stable/F152007.v4b_web.stable_lights.avg_vis.tif,y/china,19439563
../dataset/dmsp/stable/F152007.v4b_web.stable_lights.avg_vis.tif,y/france,7925406
../dataset/dmsp/stable/F152007.v4b_web.stable_lights.avg_vis.tif,y/germany,6412414
../dataset/dmsp/stable/F152007.v4b_web.stable_lights.avg_vis.tif,y/india,10704159
../dataset/dmsp/stable/F152007.v4b_web.stable_lights.avg_vis.tif,y/italy,6674354
../dataset/dmsp/stable/F152007.v4b_web.stable_lights.avg_vis.tif,y/japan,6377001
../dataset/dmsp/stable/F152007.v4b_web.stable_lights.avg_vis.tif,y/korea,38241
../dataset/dmsp/stable/F152007.v4b_web.stable_lights.avg_vis.tif,y/mexico,4520270
../dataset/dmsp/stable/F152007.v4b_web.stable_lights.avg_vis.tif,y/russia,25677841
../dataset/dmsp/stable/F152007.v4b_web.stable_lights.avg_vis.tif,y/saudiarab,3499659
../dataset/dmsp/stable/F152007.v4b_web.stable_lights.avg_vis.tif,y/uk,5765243
../dataset/dmsp/stable/F152007.v4b_web.stable_lights.avg_vis.tif,y/usa,56509797
../dataset/dmsp/stable/F152007.v4b_web.stable_lights.avg_vis.tif,y/indonesia,1593720
../dataset/dmsp/stable/F152007.v4b_web.stable_lights.avg_vis.tif,y/iran,5460580
../dataset/dmsp/stable/F152007.v4b_web.stable_lights.avg_vis.tif,y/spain,4986197
../dataset/dmsp/stable/F152007.v4b_web.stable_lights.avg_vis.tif,y/turkey,2569367
../dataset/dmsp/stable/F162004.v4b_web.stable_lights.avg_vis.tif,y/brazil,7702326
../dataset/dmsp/stable/F162004.v4b_web.stable_lights.avg_vis.tif,y/canada,12422543
../dataset/dmsp/stable/F162004.v4b_web.stable_lights.avg_vis.tif,y/china,21581949
../dataset/dmsp/stable/F162004.v4b_web.stable_lights.avg_vis.tif,y/france,8223595
../dataset/dmsp/stable/F162004.v4b_web.stable_lights.avg_vis.tif,y/germany,7058341
../dataset/dmsp/stable/F162004.v4b_web.stable_lights.avg_vis.tif,y/india,13749425
../dataset/dmsp/stable/F162004.v4b_web.stable_lights.avg_vis.tif,y/italy,7084811
../dataset/dmsp/stable/F162004.v4b_web.stable_lights.avg_vis.tif,y/japan,7283736
../dataset/dmsp/stable/F162004.v4b_web.stable_lights.avg_vis.tif,y/korea,45467
../dataset/dmsp/stable/F162004.v4b_web.stable_lights.avg_vis.tif,y/mexico,5575568
../dataset/dmsp/stable/F162004.v4b_web.stable_lights.avg_vis.tif,y/russia,26357159
../dataset/dmsp/stable/F162004.v4b_web.stable_lights.avg_vis.tif,y/saudiarab,3453197
../dataset/dmsp/stable/F162004.v4b_web.stable_lights.avg_vis.tif,y/uk,6214079
../dataset/dmsp/stable/F162004.v4b_web.stable_lights.avg_vis.tif,y/usa,62187107
../dataset/dmsp/stable/F162004.v4b_web.stable_lights.avg_vis.tif,y/indonesia,2098089
../dataset/dmsp/stable/F162004.v4b_web.stable_lights.avg_vis.tif,y/iran,5983710
../dataset/dmsp/stable/F162004.v4b_web.stable_lights.avg_vis.tif,y/spain,5277325
../dataset/dmsp/stable/F162004.v4b_web.stable_lights.avg_vis.tif,y/turkey,2769010
../dataset/dmsp/stable/F162005.v4b_web.stable_lights.avg_vis.tif,y/brazil,6838725
../dataset/dmsp/stable/F162005.v4b_web.stable_lights.avg_vis.tif,y/canada,10047860
../dataset/dmsp/stable/F162005.v4b_web.stable_lights.avg_vis.tif,y/china,18837620
../dataset/dmsp/stable/F162005.v4b_web.stable_lights.avg_vis.tif,y/france,7840757
../dataset/dmsp/stable/F162005.v4b_web.stable_lights.avg_vis.tif,y/germany,6773829
../dataset/dmsp/stable/F162005.v4b_web.stable_lights.avg_vis.tif,y/india,11325663
../dataset/dmsp/stable/F162005.v4b_web.stable_lights.avg_vis.tif,y/italy,6662937
../dataset/dmsp/stable/F162005.v4b_web.stable_lights.avg_vis.tif,y/japan,6808097
../dataset/dmsp/stable/F162005.v4b_web.stable_lights.avg_vis.tif,y/korea,44022
../dataset/dmsp/stable/F162005.v4b_web.stable_lights.avg_vis.tif,y/mexico,4866310
../dataset/dmsp/stable/F162005.v4b_web.stable_lights.avg_vis.tif,y/russia,24218808
../dataset/dmsp/stable/F162005.v4b_web.stable_lights.avg_vis.tif,y/saudiarab,3237227
../dataset/dmsp/stable/F162005.v4b_web.stable_lights.avg_vis.tif,y/uk,5494542
../dataset/dmsp/stable/F162005.v4b_web.stable_lights.avg_vis.tif,y/usa,55365913
../dataset/dmsp/stable/F162005.v4b_web.stable_lights.avg_vis.tif,y/indonesia,1686902
../dataset/dmsp/stable/F162005.v4b_web.stable_lights.avg_vis.tif,y/iran,5638949
../dataset/dmsp/stable/F162005.v4b_web.stable_lights.avg_vis.tif,y/spain,4932492
../dataset/dmsp/stable/F162005.v4b_web.stable_lights.avg_vis.tif,y/turkey,2257974
../dataset/dmsp/stable/F162006.v4b_web.stable_lights.avg_vis.tif,y/brazil,8120768
../dataset/dmsp/stable/F162006.v4b_web.stable_lights.avg_vis.tif,y/canada,9838027
../dataset/dmsp/stable/F162006.v4b_web.stable_lights.avg_vis.tif,y/china,21604122
../dataset/dmsp/stable/F162006.v4b_web.stable_lights.avg_vis.tif,y/france,8514554
../dataset/dmsp/stable/F162006.v4b_web.stable_lights.avg_vis.tif,y/germany,6913600
../dataset/dmsp/stable/F162006.v4b_web.stable_lights.avg_vis.tif,y/india,12439055
../dataset/dmsp/stable/F162006.v4b_web.stable_lights.avg_vis.tif,y/italy,7267759
../dataset/dmsp/stable/F162006.v4b_web.stable_lights.avg_vis.tif,y/japan,6852493
../dataset/dmsp/stable/F162006.v4b_web.stable_lights.avg_vis.tif,y/korea,44253
../dataset/dmsp/stable/F162006.v4b_web.stable_lights.avg_vis.tif,y/mexico,5227401
../dataset/dmsp/stable/F162006.v4b_web.stable_lights.avg_vis.tif,y/russia,23336195
../dataset/dmsp/stable/F162006.v4b_web.stable_lights.avg_vis.tif,y/saudiarab,3783617
../dataset/dmsp/stable/F162006.v4b_web.stable_lights.avg_vis.tif,y/uk,5932701
../dataset/dmsp/stable/F162006.v4b_web.stable_lights.avg_vis.tif,y/usa,58659415
../dataset/dmsp/stable/F162006.v4b_web.stable_lights.avg_vis.tif,y/indonesia,2205864
../dataset/dmsp/stable/F162006.v4b_web.stable_lights.avg_vis.tif,y/iran,6534258
../dataset/dmsp/stable/F162006.v4b_web.stable_lights.avg_vis.tif,y/spain,5438405
../dataset/dmsp/stable/F162006.v4b_web.stable_lights.avg_vis.tif,y/turkey,2573148
../dataset/dmsp/stable/F162007.v4b_web.stable_lights.avg_vis.tif,y/brazil,8874435
../dataset/dmsp/stable/F162007.v4b_web.stable_lights.avg_vis.tif,y/canada,13798071
../dataset/dmsp/stable/F162007.v4b_web.stable_lights.avg_vis.tif,y/china,25438174
../dataset/dmsp/stable/F162007.v4b_web.stable_lights.avg_vis.tif,y/france,9505011
../dataset/dmsp/stable/F162007.v4b_web.stable_lights.avg_vis.tif,y/germany,7678037
../dataset/dmsp/stable/F162007.v4b_web.stable_lights.avg_vis.tif,y/india,15957453
../dataset/dmsp/stable/F162007.v4b_web.stable_lights.avg_vis.tif,y/italy,8111823
../dataset/dmsp/stable/F162007.v4b_web.stable_lights.avg_vis.tif,y/japan,7610280
../dataset/dmsp/stable/F162007.v4b_web.stable_lights.avg_vis.tif,y/korea,55649
../dataset/dmsp/stable/F162007.v4b_web.stable_lights.avg_vis.tif,y/mexico,6072049
../dataset/dmsp/stable/F162007.v4b_web.stable_lights.avg_vis.tif,y/russia,30271724
../dataset/dmsp/stable/F162007.v4b_web.stable_lights.avg_vis.tif,y/saudiarab,4284637
../dataset/dmsp/stable/F162007.v4b_web.stable_lights.avg_vis.tif,y/uk,6550080
../dataset/dmsp/stable/F162007.v4b_web.stable_lights.avg_vis.tif,y/usa,68288826
../dataset/dmsp/stable/F162007.v4b_web.stable_lights.avg_vis.tif,y/indonesia,2131954
../dataset/dmsp/stable/F162007.v4b_web.stable_lights.avg_vis.tif,y/iran,7572379
../dataset/dmsp/stable/F162007.v4b_web.stable_lights.avg_vis.tif,y/spain,6254587
../dataset/dmsp/stable/F162007.v4b_web.stable_lights.avg_vis.tif,y/turkey,3499212
../dataset/dmsp/stable/F162008.v4b_web.stable_lights.avg_vis.tif,y/brazil,8761552
../dataset/dmsp/stable/F162008.v4b_web.stable_lights.avg_vis.tif,y/canada,13766228
../dataset/dmsp/stable/F162008.v4b_web.stable_lights.avg_vis.tif,y/china,25220002
../dataset/dmsp/stable/F162008.v4b_web.stable_lights.avg_vis.tif,y/france,9366300
../dataset/dmsp/stable/F162008.v4b_web.stable_lights.avg_vis.tif,y/germany,7776948
../dataset/dmsp/stable/F162008.v4b_web.stable_lights.avg_vis.tif,y/india,15158007
../dataset/dmsp/stable/F162008.v4b_web.stable_lights.avg_vis.tif,y/italy,7935950
../dataset/dmsp/stable/F162008.v4b_web.stable_lights.avg_vis.tif,y/japan,7331920
../dataset/dmsp/stable/F162008.v4b_web.stable_lights.avg_vis.tif,y/korea,43170
../dataset/dmsp/stable/F162008.v4b_web.stable_lights.avg_vis.tif,y/mexico,5961853
../dataset/dmsp/stable/F162008.v4b_web.stable_lights.avg_vis.tif,y/russia,28146923
../dataset/dmsp/stable/F162008.v4b_web.stable_lights.avg_vis.tif,y/saudiarab,4345278
../dataset/dmsp/stable/F162008.v4b_web.stable_lights.avg_vis.tif,y/uk,6114055
../dataset/dmsp/stable/F162008.v4b_web.stable_lights.avg_vis.tif,y/usa,67156632
../dataset/dmsp/stable/F162008.v4b_web.stable_lights.avg_vis.tif,y/indonesia,2067898
../dataset/dmsp/stable/F162008.v4b_web.stable_lights.avg_vis.tif,y/iran,7139600
../dataset/dmsp/stable/F162008.v4b_web.stable_lights.avg_vis.tif,y/spain,5924279
../dataset/dmsp/stable/F162008.v4b_web.stable_lights.avg_vis.tif,y/turkey,3619400
../dataset/dmsp/stable/F162009.v4b_web.stable_lights.avg_vis.tif,y/brazil,8614014
../dataset/dmsp/stable/F162009.v4b_web.stable_lights.avg_vis.tif,y/canada,11946645
../dataset/dmsp/stable/F162009.v4b_web.stable_lights.avg_vis.tif,y/china,23721125
../dataset/dmsp/stable/F162009.v4b_web.stable_lights.avg_vis.tif,y/france,9127400
../dataset/dmsp/stable/F162009.v4b_web.stable_lights.avg_vis.tif,y/germany,7938896
../dataset/dmsp/stable/F162009.v4b_web.stable_lights.avg_vis.tif,y/india,14461509
../dataset/dmsp/stable/F162009.v4b_web.stable_lights.avg_vis.tif,y/italy,7843808
../dataset/dmsp/stable/F162009.v4b_web.stable_lights.avg_vis.tif,y/japan,7224997
../dataset/dmsp/stable/F162009.v4b_web.stable_lights.avg_vis.tif,y/korea,37867
../dataset/dmsp/stable/F162009.v4b_web.stable_lights.avg_vis.tif,y/mexico,5409448
../dataset/dmsp/stable/F162009.v4b_web.stable_lights.avg_vis.tif,y/russia,27905977
../dataset/dmsp/stable/F162009.v4b_web.stable_lights.avg_vis.tif,y/saudiarab,4099633
../dataset/dmsp/stable/F162009.v4b_web.stable_lights.avg_vis.tif,y/uk,6091105
../dataset/dmsp/stable/F162009.v4b_web.stable_lights.avg_vis.tif,y/usa,63839473
../dataset/dmsp/stable/F162009.v4b_web.stable_lights.avg_vis.tif,y/indonesia,2057209
../dataset/dmsp/stable/F162009.v4b_web.stable_lights.avg_vis.tif,y/iran,6257035
../dataset/dmsp/stable/F162009.v4b_web.stable_lights.avg_vis.tif,y/spain,5909339
../dataset/dmsp/stable/F162009.v4b_web.stable_lights.avg_vis.tif,y/turkey,2871427
../dataset/dmsp/stable/F182010.v4d_web.stable_lights.avg_vis.tif,y/brazil,13149764
../dataset/dmsp/stable/F182010.v4d_web.stable_lights.avg_vis.tif,y/canada,16835124
../dataset/dmsp/stable/F182010.v4d_web.stable_lights.avg_vis.tif,y/china,36545168
../dataset/dmsp/stable/F182010.v4d_web.stable_lights.avg_vis.tif,y/france,13327448
../dataset/dmsp/stable/F182010.v4d_web.stable_lights.avg_vis.tif,y/germany,14107601
../dataset/dmsp/stable/F182010.v4d_web.stable_lights.avg_vis.tif,y/india,21892570
../dataset/dmsp/stable/F182010.v4d_web.stable_lights.avg_vis.tif,y/italy,10238152
../dataset/dmsp/stable/F182010.v4d_web.stable_lights.avg_vis.tif,y/japan,9044887
../dataset/dmsp/stable/F182010.v4d_web.stable_lights.avg_vis.tif,y/korea,85992
../dataset/dmsp/stable/F182010.v4d_web.stable_lights.avg_vis.tif,y/mexico,7831576
../dataset/dmsp/stable/F182010.v4d_web.stable_lights.avg_vis.tif,y/russia,43061297
../dataset/dmsp/stable/F182010.v4d_web.stable_lights.avg_vis.tif,y/saudiarab,6221098
../dataset/dmsp/stable/F182010.v4d_web.stable_lights.avg_vis.tif,y/uk,8604536
../dataset/dmsp/stable/F182010.v4d_web.stable_lights.avg_vis.tif,y/usa,84604863
../dataset/dmsp/stable/F182010.v4d_web.stable_lights.avg_vis.tif,y/indonesia,3004668
../dataset/dmsp/stable/F182010.v4d_web.stable_lights.avg_vis.tif,y/iran,8954731
../dataset/dmsp/stable/F182010.v4d_web.stable_lights.avg_vis.tif,y/spain,7733887
../dataset/dmsp/stable/F182010.v4d_web.stable_lights.avg_vis.tif,y/turkey,4887165
../dataset/dmsp/stable/F182011.v4c_web.stable_lights.avg_vis.tif,y/brazil,11287348
../dataset/dmsp/stable/F182011.v4c_web.stable_lights.avg_vis.tif,y/canada,14612283
../dataset/dmsp/stable/F182011.v4c_web.stable_lights.avg_vis.tif,y/china,32718703
../dataset/dmsp/stable/F182011.v4c_web.stable_lights.avg_vis.tif,y/france,9902077
../dataset/dmsp/stable/F182011.v4c_web.stable_lights.avg_vis.tif,y/germany,8916635
../dataset/dmsp/stable/F182011.v4c_web.stable_lights.avg_vis.tif,y/india,18633968
../dataset/dmsp/stable/F182011.v4c_web.stable_lights.avg_vis.tif,y/italy,8889162
../dataset/dmsp/stable/F182011.v4c_web.stable_lights.avg_vis.tif,y/japan,7710997
../dataset/dmsp/stable/F182011.v4c_web.stable_lights.avg_vis.tif,y/korea,60322
../dataset/dmsp/stable/F182011.v4c_web.stable_lights.avg_vis.tif,y/mexico,6929636
../dataset/dmsp/stable/F182011.v4c_web.stable_lights.avg_vis.tif,y/russia,37010583
../dataset/dmsp/stable/F182011.v4c_web.stable_lights.avg_vis.tif,y/saudiarab,5838241
../dataset/dmsp/stable/F182011.v4c_web.stable_lights.avg_vis.tif,y/uk,6305592
../dataset/dmsp/stable/F182011.v4c_web.stable_lights.avg_vis.tif,y/usa,71740388
../dataset/dmsp/stable/F182011.v4c_web.stable_lights.avg_vis.tif,y/indonesia,2798443
../dataset/dmsp/stable/F182011.v4c_web.stable_lights.avg_vis.tif,y/iran,7150225
../dataset/dmsp/stable/F182011.v4c_web.stable_lights.avg_vis.tif,y/spain,6553748
../dataset/dmsp/stable/F182011.v4c_web.stable_lights.avg_vis.tif,y/turkey,4449387
../dataset/dmsp/stable/F182012.v4c_web.stable_lights.avg_vis.tif,y/brazil,12983657
../dataset/dmsp/stable/F182012.v4c_web.stable_lights.avg_vis.tif,y/canada,13609498
../dataset/dmsp/stable/F182012.v4c_web.stable_lights.avg_vis.tif,y/china,34066712
../dataset/dmsp/stable/F182012.v4c_web.stable_lights.avg_vis.tif,y/france,10856321
../dataset/dmsp/stable/F182012.v4c_web.stable_lights.avg_vis.tif,y/germany,10071812
../dataset/dmsp/stable/F182012.v4c_web.stable_lights.avg_vis.tif,y/india,20606112
../dataset/dmsp/stable/F182012.v4c_web.stable_lights.avg_vis.tif,y/italy,9660616
../dataset/dmsp/stable/F182012.v4c_web.stable_lights.avg_vis.tif,y/japan,8063265
../dataset/dmsp/stable/F182012.v4c_web.stable_lights.avg_vis.tif,y/korea,72957
../dataset/dmsp/stable/F182012.v4c_web.stable_lights.avg_vis.tif,y/mexico,7036868
../dataset/dmsp/stable/F182012.v4c_web.stable_lights.avg_vis.tif,y/russia,37893981
../dataset/dmsp/stable/F182012.v4c_web.stable_lights.avg_vis.tif,y/saudiarab,6442453
../dataset/dmsp/stable/F182012.v4c_web.stable_lights.avg_vis.tif,y/uk,6740901
../dataset/dmsp/stable/F182012.v4c_web.stable_lights.avg_vis.tif,y/usa,70121285
../dataset/dmsp/stable/F182012.v4c_web.stable_lights.avg_vis.tif,y/indonesia,3160622
../dataset/dmsp/stable/F182012.v4c_web.stable_lights.avg_vis.tif,y/iran,7856323
../dataset/dmsp/stable/F182012.v4c_web.stable_lights.avg_vis.tif,y/spain,6561817
../dataset/dmsp/stable/F182012.v4c_web.stable_lights.avg_vis.tif,y/turkey,5388944
../dataset/dmsp/stable/F182013.v4c_web.stable_lights.avg_vis.tif,y/brazil,12410180
../dataset/dmsp/stable/F182013.v4c_web.stable_lights.avg_vis.tif,y/canada,15520385
../dataset/dmsp/stable/F182013.v4c_web.stable_lights.avg_vis.tif,y/china,37020963
../dataset/dmsp/stable/F182013.v4c_web.stable_lights.avg_vis.tif,y/france,10534200
../dataset/dmsp/stable/F182013.v4c_web.stable_lights.avg_vis.tif,y/germany,8989156
../dataset/dmsp/stable/F182013.v4c_web.stable_lights.avg_vis.tif,y/india,20296790
../dataset/dmsp/stable/F182013.v4c_web.stable_lights.avg_vis.tif,y/italy,9046581
../dataset/dmsp/stable/F182013.v4c_web.stable_lights.avg_vis.tif,y/japan,8016735
../dataset/dmsp/stable/F182013.v4c_web.stable_lights.avg_vis.tif,y/korea,79570
../dataset/dmsp/stable/F182013.v4c_web.stable_lights.avg_vis.tif,y/mexico,6616079
../dataset/dmsp/stable/F182013.v4c_web.stable_lights.avg_vis.tif,y/russia,37448149
../dataset/dmsp/stable/F182013.v4c_web.stable_lights.avg_vis.tif,y/saudiarab,6597048
../dataset/dmsp/stable/F182013.v4c_web.stable_lights.avg_vis.tif,y/uk,6558518
../dataset/dmsp/stable/F182013.v4c_web.stable_lights.avg_vis.tif,y/usa,72429916
../dataset/dmsp/stable/F182013.v4c_web.stable_lights.avg_vis.tif,y/indonesia,2928289
../dataset/dmsp/stable/F182013.v4c_web.stable_lights.avg_vis.tif,y/iran,7479349
../dataset/dmsp/stable/F182013.v4c_web.stable_lights.avg_vis.tif,y/spain,6184932
../dataset/dmsp/stable/F182013.v4c_web.stable_lights.avg_vis.tif,y/turkey,5035137
../dataset/dmsp/stable/F101992.v4b_web.stable_lights.avg_vis.tif,y/brazil,4722040
../dataset/dmsp/stable/F101992.v4b_web.stable_lights.avg_vis.tif,y/canada,13833177
../dataset/dmsp/stable/F101992.v4b_web.stable_lights.avg_vis.tif,y/china,9467602
../dataset/dmsp/stable/F101992.v4b_web.stable_lights.avg_vis.tif,y/france,6490385
../dataset/dmsp/stable/F101992.v4b_web.stable_lights.avg_vis.tif,y/germany,6788293
../dataset/dmsp/stable/F101992.v4b_web.stable_lights.avg_vis.tif,y/india,7923011
../dataset/dmsp/stable/F101992.v4b_web.stable_lights.avg_vis.tif,y/italy,5726705
../dataset/dmsp/stable/F101992.v4b_web.stable_lights.avg_vis.tif,y/japan,6605464
../dataset/dmsp/stable/F101992.v4b_web.stable_lights.avg_vis.tif,y/korea,35494
../dataset/dmsp/stable/F101992.v4b_web.stable_lights.avg_vis.tif,y/mexico,3500522
../dataset/dmsp/stable/F101992.v4b_web.stable_lights.avg_vis.tif,y/russia,28274667
../dataset/dmsp/stable/F101992.v4b_web.stable_lights.avg_vis.tif,y/saudiarab,2768516
../dataset/dmsp/stable/F101992.v4b_web.stable_lights.avg_vis.tif,y/uk,6385337
../dataset/dmsp/stable/F101992.v4b_web.stable_lights.avg_vis.tif,y/usa,58567002
../dataset/dmsp/stable/F101992.v4b_web.stable_lights.avg_vis.tif,y/indonesia,914064
../dataset/dmsp/stable/F101992.v4b_web.stable_lights.avg_vis.tif,y/iran,3640828
../dataset/dmsp/stable/F101992.v4b_web.stable_lights.avg_vis.tif,y/spain,3705218
../dataset/dmsp/stable/F101992.v4b_web.stable_lights.avg_vis.tif,y/turkey,1484959
../dataset/dmsp/stable/F101993.v4b_web.stable_lights.avg_vis.tif,y/brazil,5522327
../dataset/dmsp/stable/F101993.v4b_web.stable_lights.avg_vis.tif,y/canada,14106214
../dataset/dmsp/stable/F101993.v4b_web.stable_lights.avg_vis.tif,y/china,10337858
../dataset/dmsp/stable/F101993.v4b_web.stable_lights.avg_vis.tif,y/france,6502775
../dataset/dmsp/stable/F101993.v4b_web.stable_lights.avg_vis.tif,y/germany,6039773
../dataset/dmsp/stable/F101993.v4b_web.stable_lights.avg_vis.tif,y/india,9159391
../dataset/dmsp/stable/F101993.v4b_web.stable_lights.avg_vis.tif,y/italy,5461699
../dataset/dmsp/stable/F101993.v4b_web.stable_lights.avg_vis.tif,y/japan,6860922
../dataset/dmsp/stable/F101993.v4b_web.stable_lights.avg_vis.tif,y/korea,41715
../dataset/dmsp/stable/F101993.v4b_web.stable_lights.avg_vis.tif,y/mexico,4240114
../dataset/dmsp/stable/F101993.v4b_web.stable_lights.avg_vis.tif,y/russia,28810490
../dataset/dmsp/stable/F101993.v4b_web.stable_lights.avg_vis.tif,y/saudiarab,2841189
../dataset/dmsp/stable/F101993.v4b_web.stable_lights.avg_vis.tif,y/uk,6329686
../dataset/dmsp/stable/F101993.v4b_web.stable_lights.avg_vis.tif,y/usa,61789238
../dataset/dmsp/stable/F101993.v4b_web.stable_lights.avg_vis.tif,y/indonesia,1369995
../dataset/dmsp/stable/F101993.v4b_web.stable_lights.avg_vis.tif,y/iran,3838469
../dataset/dmsp/stable/F101993.v4b_web.stable_lights.avg_vis.tif,y/spain,3792292
../dataset/dmsp/stable/F101993.v4b_web.stable_lights.avg_vis.tif,y/turkey,2096023
../dataset/dmsp/stable/F101994.v4b_web.stable_lights.avg_vis.tif,y/brazil,5312290
../dataset/dmsp/stable/F101994.v4b_web.stable_lights.avg_vis.tif,y/canada,12449155
../dataset/dmsp/stable/F101994.v4b_web.stable_lights.avg_vis.tif,y/china,10416869
../dataset/dmsp/stable/F101994.v4b_web.stable_lights.avg_vis.tif,y/france,6261246
../dataset/dmsp/stable/F101994.v4b_web.stable_lights.avg_vis.tif,y/germany,6019492
../dataset/dmsp/stable/F101994.v4b_web.stable_lights.avg_vis.tif,y/india,9193859
../dataset/dmsp/stable/F101994.v4b_web.stable_lights.avg_vis.tif,y/italy,5700263
../dataset/dmsp/stable/F101994.v4b_web.stable_lights.avg_vis.tif,y/japan,7041108
../dataset/dmsp/stable/F101994.v4b_web.stable_lights.avg_vis.tif,y/korea,38825
../dataset/dmsp/stable/F101994.v4b_web.stable_lights.avg_vis.tif,y/mexico,4279268
../dataset/dmsp/stable/F101994.v4b_web.stable_lights.avg_vis.tif,y/russia,31407587
../dataset/dmsp/stable/F101994.v4b_web.stable_lights.avg_vis.tif,y/saudiarab,2846701
../dataset/dmsp/stable/F101994.v4b_web.stable_lights.avg_vis.tif,y/uk,6076148
../dataset/dmsp/stable/F101994.v4b_web.stable_lights.avg_vis.tif,y/usa,61367523
../dataset/dmsp/stable/F101994.v4b_web.stable_lights.avg_vis.tif,y/indonesia,1401542
../dataset/dmsp/stable/F101994.v4b_web.stable_lights.avg_vis.tif,y/iran,3611965
../dataset/dmsp/stable/F101994.v4b_web.stable_lights.avg_vis.tif,y/spain,3683165
../dataset/dmsp/stable/F101994.v4b_web.stable_lights.avg_vis.tif,y/turkey,1785123
../dataset/dmsp/stable/F121994.v4b_web.stable_lights.avg_vis.tif,y/brazil,4714724
../dataset/dmsp/stable/F121994.v4b_web.stable_lights.avg_vis.tif,y/canada,12611499
../dataset/dmsp/stable/F121994.v4b_web.stable_lights.avg_vis.tif,y/china,12400237
../dataset/dmsp/stable/F121994.v4b_web.stable_lights.avg_vis.tif,y/france,7810838
../dataset/dmsp/stable/F121994.v4b_web.stable_lights.avg_vis.tif,y/germany,7355049
../dataset/dmsp/stable/F121994.v4b_web.stable_lights.avg_vis.tif,y/india,10312987
../dataset/dmsp/stable/F121994.v4b_web.stable_lights.avg_vis.tif,y/italy,6635128
../dataset/dmsp/stable/F121994.v4b_web.stable_lights.avg_vis.tif,y/japan,7137881
../dataset/dmsp/stable/F121994.v4b_web.stable_lights.avg_vis.tif,y/korea,47227
../dataset/dmsp/stable/F121994.v4b_web.stable_lights.avg_vis.tif,y/mexico,4335648
../dataset/dmsp/stable/F121994.v4b_web.stable_lights.avg_vis.tif,y/russia,27787563
../dataset/dmsp/stable/F121994.v4b_web.stable_lights.avg_vis.tif,y/saudiarab,2694147
../dataset/dmsp/stable/F121994.v4b_web.stable_lights.avg_vis.tif,y/uk,6818214
../dataset/dmsp/stable/F121994.v4b_web.stable_lights.avg_vis.tif,y/usa,59791258
../dataset/dmsp/stable/F121994.v4b_web.stable_lights.avg_vis.tif,y/indonesia,1379461
../dataset/dmsp/stable/F121994.v4b_web.stable_lights.avg_vis.tif,y/iran,3931005
../dataset/dmsp/stable/F121994.v4b_web.stable_lights.avg_vis.tif,y/spain,4422210
../dataset/dmsp/stable/F121994.v4b_web.stable_lights.avg_vis.tif,y/turkey,2131417
../dataset/dmsp/stable/F121995.v4b_web.stable_lights.avg_vis.tif,y/brazil,6737433
../dataset/dmsp/stable/F121995.v4b_web.stable_lights.avg_vis.tif,y/canada,16581987
../dataset/dmsp/stable/F121995.v4b_web.stable_lights.avg_vis.tif,y/china,13661477
../dataset/dmsp/stable/F121995.v4b_web.stable_lights.avg_vis.tif,y/france,8245231
../dataset/dmsp/stable/F121995.v4b_web.stable_lights.avg_vis.tif,y/germany,8244135
../dataset/dmsp/stable/F121995.v4b_web.stable_lights.avg_vis.tif,y/india,11809796
../dataset/dmsp/stable/F121995.v4b_web.stable_lights.avg_vis.tif,y/italy,6771339
../dataset/dmsp/stable/F121995.v4b_web.stable_lights.avg_vis.tif,y/japan,7692163
../dataset/dmsp/stable/F121995.v4b_web.stable_lights.avg_vis.tif,y/korea,57415
../dataset/dmsp/stable/F121995.v4b_web.stable_lights.avg_vis.tif,y/mexico,5174863
../dataset/dmsp/stable/F121995.v4b_web.stable_lights.avg_vis.tif,y/russia,28016991
../dataset/dmsp/stable/F121995.v4b_web.stable_lights.avg_vis.tif,y/saudiarab,3072910
../dataset/dmsp/stable/F121995.v4b_web.stable_lights.avg_vis.tif,y/uk,6917584
../dataset/dmsp/stable/F121995.v4b_web.stable_lights.avg_vis.tif,y/usa,66806796
../dataset/dmsp/stable/F121995.v4b_web.stable_lights.avg_vis.tif,y/indonesia,1768047
../dataset/dmsp/stable/F121995.v4b_web.stable_lights.avg_vis.tif,y/iran,4305928
../dataset/dmsp/stable/F121995.v4b_web.stable_lights.avg_vis.tif,y/spain,4689634
../dataset/dmsp/stable/F121995.v4b_web.stable_lights.avg_vis.tif,y/turkey,2306944
../dataset/dmsp/stable/F121996.v4b_web.stable_lights.avg_vis.tif,y/brazil,6863913
../dataset/dmsp/stable/F121996.v4b_web.stable_lights.avg_vis.tif,y/canada,15037348
../dataset/dmsp/stable/F121996.v4b_web.stable_lights.avg_vis.tif,y/china,13099616
../dataset/dmsp/stable/F121996.v4b_web.stable_lights.avg_vis.tif,y/france,8201273
../dataset/dmsp/stable/F121996.v4b_web.stable_lights.avg_vis.tif,y/germany,7932958
../dataset/dmsp/stable/F121996.v4b_web.stable_lights.avg_vis.tif,y/india,12201137
../dataset/dmsp/stable/F121996.v4b_web.stable_lights.avg_vis.tif,y/italy,6591333
../dataset/dmsp/stable/F121996.v4b_web.stable_lights.avg_vis.tif,y/japan,7795393
../dataset/dmsp/stable/F121996.v4b_web.stable_lights.avg_vis.tif,y/korea,56625
../dataset/dmsp/stable/F121996.v4b_web.stable_lights.avg_vis.tif,y/mexico,4896561
../dataset/dmsp/stable/F121996.v4b_web.stable_lights.avg_vis.tif,y/russia,27260394
../dataset/dmsp/stable/F121996.v4b_web.stable_lights.avg_vis.tif,y/saudiarab,3049803
../dataset/dmsp/stable/F121996.v4b_web.stable_lights.avg_vis.tif,y/uk,6561697
../dataset/dmsp/stable/F121996.v4b_web.stable_lights.avg_vis.tif,y/usa,67212741
../dataset/dmsp/stable/F121996.v4b_web.stable_lights.avg_vis.tif,y/indonesia,1825001
../dataset/dmsp/stable/F121996.v4b_web.stable_lights.avg_vis.tif,y/iran,4379329
../dataset/dmsp/stable/F121996.v4b_web.stable_lights.avg_vis.tif,y/spain,4615281
../dataset/dmsp/stable/F121996.v4b_web.stable_lights.avg_vis.tif,y/turkey,2230482
../dataset/dmsp/stable/F121997.v4b_web.stable_lights.avg_vis.tif,y/brazil,7341463
../dataset/dmsp/stable/F121997.v4b_web.stable_lights.avg_vis.tif,y/canada,13840159
../dataset/dmsp/stable/F121997.v4b_web.stable_lights.avg_vis.tif,y/china,14894352
../dataset/dmsp/stable/F121997.v4b_web.stable_lights.avg_vis.tif,y/france,8993641
../dataset/dmsp/stable/F121997.v4b_web.stable_lights.avg_vis.tif,y/germany,8074270
../dataset/dmsp/stable/F121997.v4b_web.stable_lights.avg_vis.tif,y/india,12350502
../dataset/dmsp/stable/F121997.v4b_web.stable_lights.avg_vis.tif,y/italy,7120871
../dataset/dmsp/stable/F121997.v4b_web.stable_lights.avg_vis.tif,y/japan,7685253
../dataset/dmsp/stable/F121997.v4b_web.stable_lights.avg_vis.tif,y/korea,52628
../dataset/dmsp/stable/F121997.v4b_web.stable_lights.avg_vis.tif,y/mexico,4862480
../dataset/dmsp/stable/F121997.v4b_web.stable_lights.avg_vis.tif,y/russia,30013923
../dataset/dmsp/stable/F121997.v4b_web.stable_lights.avg_vis.tif,y/saudiarab,3148086
../dataset/dmsp/stable/F121997.v4b_web.stable_lights.avg_vis.tif,y/uk,7245570
../dataset/dmsp/stable/F121997.v4b_web.stable_lights.avg_vis.tif,y/usa,66611991
../dataset/dmsp/stable/F121997.v4b_web.stable_lights.avg_vis.tif,y/indonesia,2087828
../dataset/dmsp/stable/F121997.v4b_web.stable_lights.avg_vis.tif,y/iran,4657848
../dataset/dmsp/stable/F121997.v4b_web.stable_lights.avg_vis.tif,y/spain,5066047
../dataset/dmsp/stable/F121997.v4b_web.stable_lights.avg_vis.tif,y/turkey,2382098
../dataset/dmsp/stable/F121998.v4b_web.stable_lights.avg_vis.tif,y/brazil,8052113
../dataset/dmsp/stable/F121998.v4b_web.stable_lights.avg_vis.tif,y/canada,16294570
../dataset/dmsp/stable/F121998.v4b_web.stable_lights.avg_vis.tif,y/china,16150004
../dataset/dmsp/stable/F121998.v4b_web.stable_lights.avg_vis.tif,y/france,9158624
../dataset/dmsp/stable/F121998.v4b_web.stable_lights.avg_vis.tif,y/germany,9465809
../dataset/dmsp/stable/F121998.v4b_web.stable_lights.avg_vis.tif,y/india,13951830
../dataset/dmsp/stable/F121998.v4b_web.stable_lights.avg_vis.tif,y/italy,7587999
../dataset/dmsp/stable/F121998.v4b_web.stable_lights.avg_vis.tif,y/japan,8212913
../dataset/dmsp/stable/F121998.v4b_web.stable_lights.avg_vis.tif,y/korea,53603
../dataset/dmsp/stable/F121998.v4b_web.stable_lights.avg_vis.tif,y/mexico,5539360
../dataset/dmsp/stable/F121998.v4b_web.stable_lights.avg_vis.tif,y/russia,33165044
../dataset/dmsp/stable/F121998.v4b_web.stable_lights.avg_vis.tif,y/saudiarab,3164516
../dataset/dmsp/stable/F121998.v4b_web.stable_lights.avg_vis.tif,y/uk,7192790
../dataset/dmsp/stable/F121998.v4b_web.stable_lights.avg_vis.tif,y/usa,66348288
../dataset/dmsp/stable/F121998.v4b_web.stable_lights.avg_vis.tif,y/indonesia,1972045
../dataset/dmsp/stable/F121998.v4b_web.stable_lights.avg_vis.tif,y/iran,5385975
../dataset/dmsp/stable/F121998.v4b_web.stable_lights.avg_vis.tif,y/spain,5334926
../dataset/dmsp/stable/F121998.v4b_web.stable_lights.avg_vis.tif,y/turkey,2766140
../dataset/dmsp/stable/F121999.v4b_web.stable_lights.avg_vis.tif,y/brazil,8345393
../dataset/dmsp/stable/F121999.v4b_web.stable_lights.avg_vis.tif,y/canada,15056172
../dataset/dmsp/stable/F121999.v4b_web.stable_lights.avg_vis.tif,y/china,15185605
../dataset/dmsp/stable/F121999.v4b_web.stable_lights.avg_vis.tif,y/france,9581284
../dataset/dmsp/stable/F121999.v4b_web.stable_lights.avg_vis.tif,y/germany,9354402
../dataset/dmsp/stable/F121999.v4b_web.stable_lights.avg_vis.tif,y/india,14092100
../dataset/dmsp/stable/F121999.v4b_web.stable_lights.avg_vis.tif,y/italy,7702577
../dataset/dmsp/stable/F121999.v4b_web.stable_lights.avg_vis.tif,y/japan,8011865
../dataset/dmsp/stable/F121999.v4b_web.stable_lights.avg_vis.tif,y/korea,43943
../dataset/dmsp/stable/F121999.v4b_web.stable_lights.avg_vis.tif,y/mexico,5697993
../dataset/dmsp/stable/F121999.v4b_web.stable_lights.avg_vis.tif,y/russia,26630789
../dataset/dmsp/stable/F121999.v4b_web.stable_lights.avg_vis.tif,y/saudiarab,3193299
../dataset/dmsp/stable/F121999.v4b_web.stable_lights.avg_vis.tif,y/uk,7319578
../dataset/dmsp/stable/F121999.v4b_web.stable_lights.avg_vis.tif,y/usa,71586257
../dataset/dmsp/stable/F121999.v4b_web.stable_lights.avg_vis.tif,y/indonesia,1981117
../dataset/dmsp/stable/F121999.v4b_web.stable_lights.avg_vis.tif,y/iran,4851540
../dataset/dmsp/stable/F121999.v4b_web.stable_lights.avg_vis.tif,y/spain,5423753
../dataset/dmsp/stable/F121999.v4b_web.stable_lights.avg_vis.tif,y/turkey,2494532
../dataset/dmsp/stable/F141997.v4b_web.stable_lights.avg_vis.tif,y/brazil,6094671
../dataset/dmsp/stable/F141997.v4b_web.stable_lights.avg_vis.tif,y/canada,10816665
../dataset/dmsp/stable/F141997.v4b_web.stable_lights.avg_vis.tif,y/china,11299365
../dataset/dmsp/stable/F141997.v4b_web.stable_lights.avg_vis.tif,y/france,7357631
../dataset/dmsp/stable/F141997.v4b_web.stable_lights.avg_vis.tif,y/germany,6619532
../dataset/dmsp/stable/F141997.v4b_web.stable_lights.avg_vis.tif,y/india,9026104
../dataset/dmsp/stable/F141997.v4b_web.stable_lights.avg_vis.tif,y/italy,5395226
../dataset/dmsp/stable/F141997.v4b_web.stable_lights.avg_vis.tif,y/japan,6471860
../dataset/dmsp/stable/F141997.v4b_web.stable_lights.avg_vis.tif,y/korea,31178
../dataset/dmsp/stable/F141997.v4b_web.stable_lights.avg_vis.tif,y/mexico,4017455
../dataset/dmsp/stable/F141997.v4b_web.stable_lights.avg_vis.tif,y/russia,22299036
../dataset/dmsp/stable/F141997.v4b_web.stable_lights.avg_vis.tif,y/saudiarab,2330935
../dataset/dmsp/stable/F141997.v4b_web.stable_lights.avg_vis.tif,y/uk,5833105
../dataset/dmsp/stable/F141997.v4b_web.stable_lights.avg_vis.tif,y/usa,54934650
../dataset/dmsp/stable/F141997.v4b_web.stable_lights.avg_vis.tif,y/indonesia,1626741
../dataset/dmsp/stable/F141997.v4b_web.stable_lights.avg_vis.tif,y/iran,3604273
../dataset/dmsp/stable/F141997.v4b_web.stable_lights.avg_vis.tif,y/spain,3876047
../dataset/dmsp/stable/F141997.v4b_web.stable_lights.avg_vis.tif,y/turkey,1590657
../dataset/dmsp/stable/F141998.v4b_web.stable_lights.avg_vis.tif,y/brazil,6250005
../dataset/dmsp/stable/F141998.v4b_web.stable_lights.avg_vis.tif,y/canada,12396249
../dataset/dmsp/stable/F141998.v4b_web.stable_lights.avg_vis.tif,y/china,12725229
../dataset/dmsp/stable/F141998.v4b_web.stable_lights.avg_vis.tif,y/france,7251402
../dataset/dmsp/stable/F141998.v4b_web.stable_lights.avg_vis.tif,y/germany,7656008
../dataset/dmsp/stable/F141998.v4b_web.stable_lights.avg_vis.tif,y/india,10371447
../dataset/dmsp/stable/F141998.v4b_web.stable_lights.avg_vis.tif,y/italy,5959886
../dataset/dmsp/stable/F141998.v4b_web.stable_lights.avg_vis.tif,y/japan,6936905
../dataset/dmsp/stable/F141998.v4b_web.stable_lights.avg_vis.tif,y/korea,43778
../dataset/dmsp/stable/F141998.v4b_web.stable_lights.avg_vis.tif,y/mexico,4320994
../dataset/dmsp/stable/F141998.v4b_web.stable_lights.avg_vis.tif,y/russia,23755059
../dataset/dmsp/stable/F141998.v4b_web.stable_lights.avg_vis.tif,y/saudiarab,2421074
../dataset/dmsp/stable/F141998.v4b_web.stable_lights.avg_vis.tif,y/uk,5777741
../dataset/dmsp/stable/F141998.v4b_web.stable_lights.avg_vis.tif,y/usa,56935446
../dataset/dmsp/stable/F141998.v4b_web.stable_lights.avg_vis.tif,y/indonesia,1534290
../dataset/dmsp/stable/F141998.v4b_web.stable_lights.avg_vis.tif,y/iran,3959479
../dataset/dmsp/stable/F141998.v4b_web.stable_lights.avg_vis.tif,y/spain,4173204
../dataset/dmsp/stable/F141998.v4b_web.stable_lights.avg_vis.tif,y/turkey,2025245
../dataset/dmsp/stable/F141999.v4b_web.stable_lights.avg_vis.tif,y/brazil,6685080
../dataset/dmsp/stable/F141999.v4b_web.stable_lights.avg_vis.tif,y/canada,12214496
../dataset/dmsp/stable/F141999.v4b_web.stable_lights.avg_vis.tif,y/china,12752888
../dataset/dmsp/stable/F141999.v4b_web.stable_lights.avg_vis.tif,y/france,7628357
../dataset/dmsp/stable/F141999.v4b_web.stable_lights.avg_vis.tif,y/germany,7367131
../dataset/dmsp/stable/F141999.v4b_web.stable_lights.avg_vis.tif,y/india,10653804
../dataset/dmsp/stable/F141999.v4b_web.stable_lights.avg_vis.tif,y/italy,6164579
../dataset/dmsp/stable/F141999.v4b_web.stable_lights.avg_vis.tif,y/japan,6963570
../dataset/dmsp/stable/F141999.v4b_web.stable_lights.avg_vis.tif,y/korea,39936
../dataset/dmsp/stable/F141999.v4b_web.stable_lights.avg_vis.tif,y/mexico,4633360
../dataset/dmsp/stable/F141999.v4b_web.stable_lights.avg_vis.tif,y/russia,21705379
../dataset/dmsp/stable/F141999.v4b_web.stable_lights.avg_vis.tif,y/saudiarab,2597612
../dataset/dmsp/stable/F141999.v4b_web.stable_lights.avg_vis.tif,y/uk,6268475
../dataset/dmsp/stable/F141999.v4b_web.stable_lights.avg_vis.tif,y/usa,59863140
../dataset/dmsp/stable/F141999.v4b_web.stable_lights.avg_vis.tif,y/indonesia,1613858
../dataset/dmsp/stable/F141999.v4b_web.stable_lights.avg_vis.tif,y/iran,4144854
../dataset/dmsp/stable/F141999.v4b_web.stable_lights.avg_vis.tif,y/spain,4431633
../dataset/dmsp/stable/F141999.v4b_web.stable_lights.avg_vis.tif,y/turkey,2234995
../dataset/dmsp/stable/F142000.v4b_web.stable_lights.avg_vis.tif,y/brazil,7021236
../dataset/dmsp/stable/F142000.v4b_web.stable_lights.avg_vis.tif,y/canada,13036904
../dataset/dmsp/stable/F142000.v4b_web.stable_lights.avg_vis.tif,y/china,13599486
../dataset/dmsp/stable/F142000.v4b_web.stable_lights.avg_vis.tif,y/france,8037124
../dataset/dmsp/stable/F142000.v4b_web.stable_lights.avg_vis.tif,y/germany,7583679
../dataset/dmsp/stable/F142000.v4b_web.stable_lights.avg_vis.tif,y/india,11568151
../dataset/dmsp/stable/F142000.v4b_web.stable_lights.avg_vis.tif,y/italy,6487003
../dataset/dmsp/stable/F142000.v4b_web.stable_lights.avg_vis.tif,y/japan,7127266
../dataset/dmsp/stable/F142000.v4b_web.stable_lights.avg_vis.tif,y/korea,42900
../dataset/dmsp/stable/F142000.v4b_web.stable_lights.avg_vis.tif,y/mexico,4971938
../dataset/dmsp/stable/F142000.v4b_web.stable_lights.avg_vis.tif,y/russia,25934797
../dataset/dmsp/stable/F142000.v4b_web.stable_lights.avg_vis.tif,y/saudiarab,2828104
../dataset/dmsp/stable/F142000.v4b_web.stable_lights.avg_vis.tif,y/uk,6179732
../dataset/dmsp/stable/F142000.v4b_web.stable_lights.avg_vis.tif,y/usa,67382150
../dataset/dmsp/stable/F142000.v4b_web.stable_lights.avg_vis.tif,y/indonesia,1700321
../dataset/dmsp/stable/F142000.v4b_web.stable_lights.avg_vis.tif,y/iran,4356573
../dataset/dmsp/stable/F142000.v4b_web.stable_lights.avg_vis.tif,y/spain,4647046
../dataset/dmsp/stable/F142000.v4b_web.stable_lights.avg_vis.tif,y/turkey,2510846
../dataset/dmsp/stable/F142001.v4b_web.stable_lights.avg_vis.tif,y/brazil,6254230
../dataset/dmsp/stable/F142001.v4b_web.stable_lights.avg_vis.tif,y/canada,11877349
../dataset/dmsp/stable/F142001.v4b_web.stable_lights.avg_vis.tif,y/china,14738043
../dataset/dmsp/stable/F142001.v4b_web.stable_lights.avg_vis.tif,y/france,8454595
../dataset/dmsp/stable/F142001.v4b_web.stable_lights.avg_vis.tif,y/germany,7564387
../dataset/dmsp/stable/F142001.v4b_web.stable_lights.avg_vis.tif,y/india,11795626
../dataset/dmsp/stable/F142001.v4b_web.stable_lights.avg_vis.tif,y/italy,6726879
../dataset/dmsp/stable/F142001.v4b_web.stable_lights.avg_vis.tif,y/japan,7429390
../dataset/dmsp/stable/F142001.v4b_web.stable_lights.avg_vis.tif,y/korea,53156
../dataset/dmsp/stable/F142001.v4b_web.stable_lights.avg_vis.tif,y/mexico,4974369
../dataset/dmsp/stable/F142001.v4b_web.stable_lights.avg_vis.tif,y/russia,23201644
../dataset/dmsp/stable/F142001.v4b_web.stable_lights.avg_vis.tif,y/saudiarab,2834073
../dataset/dmsp/stable/F142001.v4b_web.stable_lights.avg_vis.tif,y/uk,6238907
../dataset/dmsp/stable/F142001.v4b_web.stable_lights.avg_vis.tif,y/usa,61213277
../dataset/dmsp/stable/F142001.v4b_web.stable_lights.avg_vis.tif,y/indonesia,1816608
../dataset/dmsp/stable/F142001.v4b_web.stable_lights.avg_vis.tif,y/iran,4444427
../dataset/dmsp/stable/F142001.v4b_web.stable_lights.avg_vis.tif,y/spain,4888294
../dataset/dmsp/stable/F142001.v4b_web.stable_lights.avg_vis.tif,y/turkey,2010509
../dataset/dmsp/stable/F142002.v4b_web.stable_lights.avg_vis.tif,y/brazil,6727711
../dataset/dmsp/stable/F142002.v4b_web.stable_lights.avg_vis.tif,y/canada,12072549
../dataset/dmsp/stable/F142002.v4b_web.stable_lights.avg_vis.tif,y/china,15631848
../dataset/dmsp/stable/F142002.v4b_web.stable_lights.avg_vis.tif,y/france,8163628
../dataset/dmsp/stable/F142002.v4b_web.stable_lights.avg_vis.tif,y/germany,8248431
../dataset/dmsp/stable/F142002.v4b_web.stable_lights.avg_vis.tif,y/india,12038204
../dataset/dmsp/stable/F142002.v4b_web.stable_lights.avg_vis.tif,y/italy,7162291
../dataset/dmsp/stable/F142002.v4b_web.stable_lights.avg_vis.tif,y/japan,7184412
../dataset/dmsp/stable/F142002.v4b_web.stable_lights.avg_vis.tif,y/korea,40966
../dataset/dmsp/stable/F142002.v4b_web.stable_lights.avg_vis.tif,y/mexico,4802580
../dataset/dmsp/stable/F142002.v4b_web.stable_lights.avg_vis.tif,y/russia,16695991
../dataset/dmsp/stable/F142002.v4b_web.stable_lights.avg_vis.tif,y/saudiarab,2941938
../dataset/dmsp/stable/F142002.v4b_web.stable_lights.avg_vis.tif,y/uk,5568048
../dataset/dmsp/stable/F142002.v4b_web.stable_lights.avg_vis.tif,y/usa,61239545
../dataset/dmsp/stable/F142002.v4b_web.stable_lights.avg_vis.tif,y/indonesia,1829930
../dataset/dmsp/stable/F142002.v4b_web.stable_lights.avg_vis.tif,y/iran,4597192
../dataset/dmsp/stable/F142002.v4b_web.stable_lights.avg_vis.tif,y/spain,4890271
../dataset/dmsp/stable/F142002.v4b_web.stable_lights.avg_vis.tif,y/turkey,2373445
../dataset/dmsp/stable/F142003.v4b_web.stable_lights.avg_vis.tif,y/brazil,6751257
../dataset/dmsp/stable/F142003.v4b_web.stable_lights.avg_vis.tif,y/canada,10996816
../dataset/dmsp/stable/F142003.v4b_web.stable_lights.avg_vis.tif,y/china,17040516
../dataset/dmsp/stable/F142003.v4b_web.stable_lights.avg_vis.tif,y/france,8735211
../dataset/dmsp/stable/F142003.v4b_web.stable_lights.avg_vis.tif,y/germany,7771501
../dataset/dmsp/stable/F142003.v4b_web.stable_lights.avg_vis.tif,y/india,11208899
../dataset/dmsp/stable/F142003.v4b_web.stable_lights.avg_vis.tif,y/italy,7119589
../dataset/dmsp/stable/F142003.v4b_web.stable_lights.avg_vis.tif,y/japan,7100312
../dataset/dmsp/stable/F142003.v4b_web.stable_lights.avg_vis.tif,y/korea,36615
../dataset/dmsp/stable/F142003.v4b_web.stable_lights.avg_vis.tif,y/mexico,4863506
../dataset/dmsp/stable/F142003.v4b_web.stable_lights.avg_vis.tif,y/russia,24383656
../dataset/dmsp/stable/F142003.v4b_web.stable_lights.avg_vis.tif,y/saudiarab,3257284
../dataset/dmsp/stable/F142003.v4b_web.stable_lights.avg_vis.tif,y/uk,6370346
../dataset/dmsp/stable/F142003.v4b_web.stable_lights.avg_vis.tif,y/usa,58917907
../dataset/dmsp/stable/F142003.v4b_web.stable_lights.avg_vis.tif,y/indonesia,1717220
../dataset/dmsp/stable/F142003.v4b_web.stable_lights.avg_vis.tif,y/iran,5266279
../dataset/dmsp/stable/F142003.v4b_web.stable_lights.avg_vis.tif,y/spain,4902920
../dataset/dmsp/stable/F142003.v4b_web.stable_lights.avg_vis.tif,y/turkey,2133294
../dataset/dmsp/stable/F152000.v4b_web.stable_lights.avg_vis.tif,y/brazil,8415013
../dataset/dmsp/stable/F152000.v4b_web.stable_lights.avg_vis.tif,y/canada,15596585
../dataset/dmsp/stable/F152000.v4b_web.stable_lights.avg_vis.tif,y/china,17206955
../dataset/dmsp/stable/F152000.v4b_web.stable_lights.avg_vis.tif,y/france,9357884
../dataset/dmsp/stable/F152000.v4b_web.stable_lights.avg_vis.tif,y/germany,8400074
../dataset/dmsp/stable/F152000.v4b_web.stable_lights.avg_vis.tif,y/india,14873074
../dataset/dmsp/stable/F152000.v4b_web.stable_lights.avg_vis.tif,y/italy,7722390
../dataset/dmsp/stable/F152000.v4b_web.stable_lights.avg_vis.tif,y/japan,8046570
../dataset/dmsp/stable/F152000.v4b_web.stable_lights.avg_vis.tif,y/korea,59133
../dataset/dmsp/stable/F152000.v4b_web.stable_lights.avg_vis.tif,y/mexico,6094884
../dataset/dmsp/stable/F152000.v4b_web.stable_lights.avg_vis.tif,y/russia,32603241
../dataset/dmsp/stable/F152000.v4b_web.stable_lights.avg_vis.tif,y/saudiarab,3518898
../dataset/dmsp/stable/F152000.v4b_web.stable_lights.avg_vis.tif,y/uk,7220594
../dataset/dmsp/stable/F152000.v4b_web.stable_lights.avg_vis.tif,y/usa,75873951
../dataset/dmsp/stable/F152000.v4b_web.stable_lights.avg_vis.tif,y/indonesia,2198270
../dataset/dmsp/stable/F152000.v4b_web.stable_lights.avg_vis.tif,y/iran,5754916
../dataset/dmsp/stable/F152000.v4b_web.stable_lights.avg_vis.tif,y/spain,5773240
../dataset/dmsp/stable/F152000.v4b_web.stable_lights.avg_vis.tif,y/turkey,3372153
